ranking_final_proyecto_v4,proyecto_id,escenario_id,tipo_escenario,dimension_dominante,prioridad_escenario,prioridad_territorial_v4,prioridad_operativa_v4,categoria_cartera_v4,linea_estrategica_v4,horizonte_intervencion_v4,score_final_proyecto_v4
1,AMBA-P005,AMBA-E001,ESCENARIO_DE_NECESIDAD,INTEGRACION,PRIORIDAD_3_MEDIA,PRIORIDAD_2_ALTA,INTERVENCION_PRIORITARIA,P2_PRIORITARIA,INTEGRACION_TERRITORIAL,CORTO_MEDIANO_PLAZO,76.60159343939206
2,AMBA-P008,AMBA-E001,ESCENARIO_DE_NECESIDAD,INTEGRACION,PRIORIDAD_3_MEDIA,PRIORIDAD_2_ALTA,INTERVENCION_PRIORITARIA,P2_PRIORITARIA,INTEGRACION_TERRITORIAL,CORTO_MEDIANO_PLAZO,76.60159343939206
3,AMBA-P012,AMBA-E001,ESCENARIO_DE_NECESIDAD,INTEGRACION,PRIORIDAD_3_MEDIA,PRIORIDAD_2_ALTA,INTERVENCION_PRIORITARIA,P2_PRIORITARIA,INTEGRACION_TERRITORIAL,CORTO_MEDIANO_PLAZO,76.60159343939206
4,AMBA-P013,AMBA-E001,ESCENARIO_DE_NECESIDAD,INTEGRACION,PRIORIDAD_3_MEDIA,PRIORIDAD_2_ALTA,INTERVENCION_PRIORITARIA,P2_PRIORITARIA,INTEGRACION_TERRITORIAL,CORTO_MEDIANO_PLAZO,76.60159343939206
5,AMBA-P016,AMBA-E001,ESCENARIO_DE_NECESIDAD,INTEGRACION,PRIORIDAD_3_MEDIA,PRIORIDAD_2_ALTA,INTERVENCION_PRIORITARIA,P2_PRIORITARIA,INTEGRACION_TERRITORIAL,CORTO_MEDIANO_PLAZO,76.60159343939206
6,AMBA-P019,AMBA-E001,ESCENARIO_DE_NECESIDAD,INTEGRACION,PRIORIDAD_3_MEDIA,PRIORIDAD_2_ALTA,INTERVENCION_PRIORITARIA,P2_PRIORITARIA,INTEGRACION_TERRITORIAL,CORTO_MEDIANO_PLAZO,76.60159343939206
7,AMBA-P021,AMBA-E001,ESCENARIO_DE_NECESIDAD,INTEGRACION,PRIORIDAD_3_MEDIA,PRIORIDAD_2_ALTA,INTERVENCION_PRIORITARIA,P2_PRIORITARIA,INTEGRACION_TERRITORIAL,CORTO_MEDIANO_PLAZO,76.60159343939206
8,AMBA-P023,AMBA-E001,ESCENARIO_DE_NECESIDAD,INTEGRACION,PRIORIDAD_3_MEDIA,PRIORIDAD_2_ALTA,INTERVENCION_PRIORITARIA,P2_PRIORITARIA,INTEGRACION_TERRITORIAL,CORTO_MEDIANO_PLAZO,76.60159343939206
9,AMBA-P024,AMBA-E001,ESCENARIO_DE_NECESIDAD,INTEGRACION,PRIORIDAD_3_MEDIA,PRIORIDAD_2_ALTA,INTERVENCION_PRIORITARIA,P2_PRIORITARIA,INTEGRACION_TERRITORIAL,CORTO_MEDIANO_PLAZO,76.60159343939206
10,AMBA-P036,AMBA-E001,ESCENARIO_DE_NECESIDAD,INTEGRACION,PRIORIDAD_3_MEDIA,PRIORIDAD_2_ALTA,INTERVENCION_PRIORITARIA,P2_PRIORITARIA,INTEGRACION_TERRITORIAL,CORTO_MEDIANO_PLAZO,76.60159343939206
11,AMBA-P054,AMBA-E001,ESCENARIO_DE_NECESIDAD,INTEGRACION,PRIORIDAD_3_MEDIA,PRIORIDAD_2_ALTA,INTERVENCION_PRIORITARIA,P2_PRIORITARIA,INTEGRACION_TERRITORIAL,CORTO_MEDIANO_PLAZO,76.60159343939206
12,AMBA-P055,AMBA-E001,ESCENARIO_DE_NECESIDAD,INTEGRACION,PRIORIDAD_3_MEDIA,PRIORIDAD_2_ALTA,INTERVENCION_PRIORITARIA,P2_PRIORITARIA,INTEGRACION_TERRITORIAL,CORTO_MEDIANO_PLAZO,76.60159343939206
13,AMBA-P058,AMBA-E001,ESCENARIO_DE_NECESIDAD,INTEGRACION,PRIORIDAD_3_MEDIA,PRIORIDAD_2_ALTA,INTERVENCION_PRIORITARIA,P2_PRIORITARIA,INTEGRACION_TERRITORIAL,CORTO_MEDIANO_PLAZO,76.60159343939206
14,AMBA-P059,AMBA-E001,ESCENARIO_DE_NECESIDAD,INTEGRACION,PRIORIDAD_3_MEDIA,PRIORIDAD_2_ALTA,INTERVENCION_PRIORITARIA,P2_PRIORITARIA,INTEGRACION_TERRITORIAL,CORTO_MEDIANO_PLAZO,76.60159343939206
15,AMBA-P077,AMBA-E001,ESCENARIO_DE_NECESIDAD,INTEGRACION,PRIORIDAD_3_MEDIA,PRIORIDAD_2_ALTA,INTERVENCION_PRIORITARIA,P2_PRIORITARIA,INTEGRACION_TERRITORIAL,CORTO_MEDIANO_PLAZO,76.60159343939206
16,AMBA-P090,AMBA-E001,ESCENARIO_DE_NECESIDAD,INTEGRACION,PRIORIDAD_3_MEDIA,PRIORIDAD_2_ALTA,INTERVENCION_PRIORITARIA,P2_PRIORITARIA,INTEGRACION_TERRITORIAL,CORTO_MEDIANO_PLAZO,76.60159343939206
17,AMBA-P097,AMBA-E001,ESCENARIO_DE_NECESIDAD,INTEGRACION,PRIORIDAD_3_MEDIA,PRIORIDAD_2_ALTA,INTERVENCION_PRIORITARIA,P2_PRIORITARIA,INTEGRACION_TERRITORIAL,CORTO_MEDIANO_PLAZO,76.60159343939206
18,AMBA-P116,AMBA-E001,ESCENARIO_DE_NECESIDAD,INTEGRACION,PRIORIDAD_3_MEDIA,PRIORIDAD_2_ALTA,INTERVENCION_PRIORITARIA,P2_PRIORITARIA,INTEGRACION_TERRITORIAL,CORTO_MEDIANO_PLAZO,76.60159343939206
19,AMBA-P142,AMBA-E001,ESCENARIO_DE_NECESIDAD,INTEGRACION,PRIORIDAD_3_MEDIA,PRIORIDAD_2_ALTA,INTERVENCION_PRIORITARIA,P2_PRIORITARIA,INTEGRACION_TERRITORIAL,CORTO_MEDIANO_PLAZO,76.60159343939206
20,AMBA-P143,AMBA-E001,ESCENARIO_DE_NECESIDAD,INTEGRACION,PRIORIDAD_3_MEDIA,PRIORIDAD_2_ALTA,INTERVENCION_PRIORITARIA,P2_PRIORITARIA,INTEGRACION_TERRITORIAL,CORTO_MEDIANO_PLAZO,76.60159343939206
21,AMBA-P001,AMBA-E003,ESCENARIO_DE_NECESIDAD,IMPACTO,PRIORIDAD_3_MEDIA,PRIORIDAD_3_MEDIA,INTERVENCION_PROGRAMADA,P3_PROGRAMADA,IMPACTO_TERRITORIAL,MEDIANO_PLAZO,51.31376362946839
22,AMBA-P003,AMBA-E003,ESCENARIO_DE_NECESIDAD,IMPACTO,PRIORIDAD_3_MEDIA,PRIORIDAD_3_MEDIA,INTERVENCION_PROGRAMADA,P3_PROGRAMADA,IMPACTO_TERRITORIAL,MEDIANO_PLAZO,51.31376362946839
23,AMBA-P004,AMBA-E003,ESCENARIO_DE_NECESIDAD,IMPACTO,PRIORIDAD_3_MEDIA,PRIORIDAD_3_MEDIA,INTERVENCION_PROGRAMADA,P3_PROGRAMADA,IMPACTO_TERRITORIAL,MEDIANO_PLAZO,51.31376362946839
24,AMBA-P027,AMBA-E003,ESCENARIO_DE_NECESIDAD,IMPACTO,PRIORIDAD_3_MEDIA,PRIORIDAD_3_MEDIA,INTERVENCION_PROGRAMADA,P3_PROGRAMADA,IMPACTO_TERRITORIAL,MEDIANO_PLAZO,51.31376362946839
25,AMBA-P028,AMBA-E003,ESCENARIO_DE_NECESIDAD,IMPACTO,PRIORIDAD_3_MEDIA,PRIORIDAD_3_MEDIA,INTERVENCION_PROGRAMADA,P3_PROGRAMADA,IMPACTO_TERRITORIAL,MEDIANO_PLAZO,51.31376362946839
26,AMBA-P030,AMBA-E003,ESCENARIO_DE_NECESIDAD,IMPACTO,PRIORIDAD_3_MEDIA,PRIORIDAD_3_MEDIA,INTERVENCION_PROGRAMADA,P3_PROGRAMADA,IMPACTO_TERRITORIAL,MEDIANO_PLAZO,51.31376362946839
27,AMBA-P031,AMBA-E003,ESCENARIO_DE_NECESIDAD,IMPACTO,PRIORIDAD_3_MEDIA,PRIORIDAD_3_MEDIA,INTERVENCION_PROGRAMADA,P3_PROGRAMADA,IMPACTO_TERRITORIAL,MEDIANO_PLAZO,51.31376362946839
28,AMBA-P037,AMBA-E003,ESCENARIO_DE_NECESIDAD,IMPACTO,PRIORIDAD_3_MEDIA,PRIORIDAD_3_MEDIA,INTERVENCION_PROGRAMADA,P3_PROGRAMADA,IMPACTO_TERRITORIAL,MEDIANO_PLAZO,51.31376362946839
29,AMBA-P053,AMBA-E003,ESCENARIO_DE_NECESIDAD,IMPACTO,PRIORIDAD_3_MEDIA,PRIORIDAD_3_MEDIA,INTERVENCION_PROGRAMADA,P3_PROGRAMADA,IMPACTO_TERRITORIAL,MEDIANO_PLAZO,51.31376362946839
30,AMBA-P063,AMBA-E003,ESCENARIO_DE_NECESIDAD,IMPACTO,PRIORIDAD_3_MEDIA,PRIORIDAD_3_MEDIA,INTERVENCION_PROGRAMADA,P3_PROGRAMADA,IMPACTO_TERRITORIAL,MEDIANO_PLAZO,51.31376362946839
31,AMBA-P082,AMBA-E003,ESCENARIO_DE_NECESIDAD,IMPACTO,PRIORIDAD_3_MEDIA,PRIORIDAD_3_MEDIA,INTERVENCION_PROGRAMADA,P3_PROGRAMADA,IMPACTO_TERRITORIAL,MEDIANO_PLAZO,51.31376362946839
32,AMBA-P103,AMBA-E003,ESCENARIO_DE_NECESIDAD,IMPACTO,PRIORIDAD_3_MEDIA,PRIORIDAD_3_MEDIA,INTERVENCION_PROGRAMADA,P3_PROGRAMADA,IMPACTO_TERRITORIAL,MEDIANO_PLAZO,51.31376362946839
33,AMBA-P105,AMBA-E003,ESCENARIO_DE_NECESIDAD,IMPACTO,PRIORIDAD_3_MEDIA,PRIORIDAD_3_MEDIA,INTERVENCION_PROGRAMADA,P3_PROGRAMADA,IMPACTO_TERRITORIAL,MEDIANO_PLAZO,51.31376362946839
34,AMBA-P106,AMBA-E003,ESCENARIO_DE_NECESIDAD,IMPACTO,PRIORIDAD_3_MEDIA,PRIORIDAD_3_MEDIA,INTERVENCION_PROGRAMADA,P3_PROGRAMADA,IMPACTO_TERRITORIAL,MEDIANO_PLAZO,51.31376362946839
35,AMBA-P109,AMBA-E003,ESCENARIO_DE_NECESIDAD,IMPACTO,PRIORIDAD_3_MEDIA,PRIORIDAD_3_MEDIA,INTERVENCION_PROGRAMADA,P3_PROGRAMADA,IMPACTO_TERRITORIAL,MEDIANO_PLAZO,51.31376362946839
36,AMBA-P122,AMBA-E003,ESCENARIO_DE_NECESIDAD,IMPACTO,PRIORIDAD_3_MEDIA,PRIORIDAD_3_MEDIA,INTERVENCION_PROGRAMADA,P3_PROGRAMADA,IMPACTO_TERRITORIAL,MEDIANO_PLAZO,51.31376362946839
37,AMBA-P127,AMBA-E003,ESCENARIO_DE_NECESIDAD,IMPACTO,PRIORIDAD_3_MEDIA,PRIORIDAD_3_MEDIA,INTERVENCION_PROGRAMADA,P3_PROGRAMADA,IMPACTO_TERRITORIAL,MEDIANO_PLAZO,51.31376362946839
38,AMBA-P132,AMBA-E003,ESCENARIO_DE_NECESIDAD,IMPACTO,PRIORIDAD_3_MEDIA,PRIORIDAD_3_MEDIA,INTERVENCION_PROGRAMADA,P3_PROGRAMADA,IMPACTO_TERRITORIAL,MEDIANO_PLAZO,51.31376362946839
39,AMBA-P134,AMBA-E003,ESCENARIO_DE_NECESIDAD,IMPACTO,PRIORIDAD_3_MEDIA,PRIORIDAD_3_MEDIA,INTERVENCION_PROGRAMADA,P3_PROGRAMADA,IMPACTO_TERRITORIAL,MEDIANO_PLAZO,51.31376362946839
40,AMBA-P144,AMBA-E003,ESCENARIO_DE_NECESIDAD,IMPACTO,PRIORIDAD_3_MEDIA,PRIORIDAD_3_MEDIA,INTERVENCION_PROGRAMADA,P3_PROGRAMADA,IMPACTO_TERRITORIAL,MEDIANO_PLAZO,51.31376362946839
41,AMBA-P002,AMBA-E004,ESCENARIO_DE_NECESIDAD,DEFICIT,PRIORIDAD_3_MEDIA,PRIORIDAD_3_MEDIA,INTERVENCION_PROGRAMADA,P3_PROGRAMADA,REDUCCION_DE_BRECHAS,MEDIANO_PLAZO,50.59085007835929
42,AMBA-P007,AMBA-E004,ESCENARIO_DE_NECESIDAD,DEFICIT,PRIORIDAD_3_MEDIA,PRIORIDAD_3_MEDIA,INTERVENCION_PROGRAMADA,P3_PROGRAMADA,REDUCCION_DE_BRECHAS,MEDIANO_PLAZO,50.59085007835929
43,AMBA-P014,AMBA-E004,ESCENARIO_DE_NECESIDAD,DEFICIT,PRIORIDAD_3_MEDIA,PRIORIDAD_3_MEDIA,INTERVENCION_PROGRAMADA,P3_PROGRAMADA,REDUCCION_DE_BRECHAS,MEDIANO_PLAZO,50.59085007835929
44,AMBA-P017,AMBA-E004,ESCENARIO_DE_NECESIDAD,DEFICIT,PRIORIDAD_3_MEDIA,PRIORIDAD_3_MEDIA,INTERVENCION_PROGRAMADA,P3_PROGRAMADA,REDUCCION_DE_BRECHAS,MEDIANO_PLAZO,50.59085007835929
45,AMBA-P025,AMBA-E004,ESCENARIO_DE_NECESIDAD,DEFICIT,PRIORIDAD_3_MEDIA,PRIORIDAD_3_MEDIA,INTERVENCION_PROGRAMADA,P3_PROGRAMADA,REDUCCION_DE_BRECHAS,MEDIANO_PLAZO,50.59085007835929
46,AMBA-P029,AMBA-E004,ESCENARIO_DE_NECESIDAD,DEFICIT,PRIORIDAD_3_MEDIA,PRIORIDAD_3_MEDIA,INTERVENCION_PROGRAMADA,P3_PROGRAMADA,REDUCCION_DE_BRECHAS,MEDIANO_PLAZO,50.59085007835929
47,AMBA-P034,AMBA-E004,ESCENARIO_DE_NECESIDAD,DEFICIT,PRIORIDAD_3_MEDIA,PRIORIDAD_3_MEDIA,INTERVENCION_PROGRAMADA,P3_PROGRAMADA,REDUCCION_DE_BRECHAS,MEDIANO_PLAZO,50.59085007835929
48,AMBA-P046,AMBA-E004,ESCENARIO_DE_NECESIDAD,DEFICIT,PRIORIDAD_3_MEDIA,PRIORIDAD_3_MEDIA,INTERVENCION_PROGRAMADA,P3_PROGRAMADA,REDUCCION_DE_BRECHAS,MEDIANO_PLAZO,50.59085007835929
49,AMBA-P048,AMBA-E004,ESCENARIO_DE_NECESIDAD,DEFICIT,PRIORIDAD_3_MEDIA,PRIORIDAD_3_MEDIA,INTERVENCION_PROGRAMADA,P3_PROGRAMADA,REDUCCION_DE_BRECHAS,MEDIANO_PLAZO,50.59085007835929
50,AMBA-P069,AMBA-E004,ESCENARIO_DE_NECESIDAD,DEFICIT,PRIORIDAD_3_MEDIA,PRIORIDAD_3_MEDIA,INTERVENCION_PROGRAMADA,P3_PROGRAMADA,REDUCCION_DE_BRECHAS,MEDIANO_PLAZO,50.59085007835929
51,AMBA-P076,AMBA-E004,ESCENARIO_DE_NECESIDAD,DEFICIT,PRIORIDAD_3_MEDIA,PRIORIDAD_3_MEDIA,INTERVENCION_PROGRAMADA,P3_PROGRAMADA,REDUCCION_DE_BRECHAS,MEDIANO_PLAZO,50.59085007835929
52,AMBA-P084,AMBA-E004,ESCENARIO_DE_NECESIDAD,DEFICIT,PRIORIDAD_3_MEDIA,PRIORIDAD_3_MEDIA,INTERVENCION_PROGRAMADA,P3_PROGRAMADA,REDUCCION_DE_BRECHAS,MEDIANO_PLAZO,50.59085007835929
53,AMBA-P089,AMBA-E004,ESCENARIO_DE_NECESIDAD,DEFICIT,PRIORIDAD_3_MEDIA,PRIORIDAD_3_MEDIA,INTERVENCION_PROGRAMADA,P3_PROGRAMADA,REDUCCION_DE_BRECHAS,MEDIANO_PLAZO,50.59085007835929
54,AMBA-P093,AMBA-E004,ESCENARIO_DE_NECESIDAD,DEFICIT,PRIORIDAD_3_MEDIA,PRIORIDAD_3_MEDIA,INTERVENCION_PROGRAMADA,P3_PROGRAMADA,REDUCCION_DE_BRECHAS,MEDIANO_PLAZO,50.59085007835929
55,AMBA-P098,AMBA-E004,ESCENARIO_DE_NECESIDAD,DEFICIT,PRIORIDAD_3_MEDIA,PRIORIDAD_3_MEDIA,INTERVENCION_PROGRAMADA,P3_PROGRAMADA,REDUCCION_DE_BRECHAS,MEDIANO_PLAZO,50.59085007835929
56,AMBA-P099,AMBA-E004,ESCENARIO_DE_NECESIDAD,DEFICIT,PRIORIDAD_3_MEDIA,PRIORIDAD_3_MEDIA,INTERVENCION_PROGRAMADA,P3_PROGRAMADA,REDUCCION_DE_BRECHAS,MEDIANO_PLAZO,50.59085007835929
57,AMBA-P100,AMBA-E004,ESCENARIO_DE_NECESIDAD,DEFICIT,PRIORIDAD_3_MEDIA,PRIORIDAD_3_MEDIA,INTERVENCION_PROGRAMADA,P3_PROGRAMADA,REDUCCION_DE_BRECHAS,MEDIANO_PLAZO,50.59085007835929
58,AMBA-P102,AMBA-E004,ESCENARIO_DE_NECESIDAD,DEFICIT,PRIORIDAD_3_MEDIA,PRIORIDAD_3_MEDIA,INTERVENCION_PROGRAMADA,P3_PROGRAMADA,REDUCCION_DE_BRECHAS,MEDIANO_PLAZO,50.59085007835929
59,AMBA-P114,AMBA-E004,ESCENARIO_DE_NECESIDAD,DEFICIT,PRIORIDAD_3_MEDIA,PRIORIDAD_3_MEDIA,INTERVENCION_PROGRAMADA,P3_PROGRAMADA,REDUCCION_DE_BRECHAS,MEDIANO_PLAZO,50.59085007835929
60,AMBA-P131,AMBA-E004,ESCENARIO_DE_NECESIDAD,DEFICIT,PRIORIDAD_3_MEDIA,PRIORIDAD_3_MEDIA,INTERVENCION_PROGRAMADA,P3_PROGRAMADA,REDUCCION_DE_BRECHAS,MEDIANO_PLAZO,50.59085007835929
61,AMBA-P140,AMBA-E004,ESCENARIO_DE_NECESIDAD,DEFICIT,PRIORIDAD_3_MEDIA,PRIORIDAD_3_MEDIA,INTERVENCION_PROGRAMADA,P3_PROGRAMADA,REDUCCION_DE_BRECHAS,MEDIANO_PLAZO,50.59085007835929
62,AMBA-P020,AMBA-E002,ESCENARIO_ESTRATEGICO,CONECTIVIDAD,PRIORIDAD_3_MEDIA,PRIORIDAD_3_MEDIA,INTERVENCION_PROGRAMADA,P3_PROGRAMADA,CONECTIVIDAD_METROPOLITANA,MEDIANO_PLAZO,49.49171547237356
63,AMBA-P026,AMBA-E002,ESCENARIO_ESTRATEGICO,CONECTIVIDAD,PRIORIDAD_3_MEDIA,PRIORIDAD_3_MEDIA,INTERVENCION_PROGRAMADA,P3_PROGRAMADA,CONECTIVIDAD_METROPOLITANA,MEDIANO_PLAZO,49.49171547237356
64,AMBA-P040,AMBA-E002,ESCENARIO_ESTRATEGICO,CONECTIVIDAD,PRIORIDAD_3_MEDIA,PRIORIDAD_3_MEDIA,INTERVENCION_PROGRAMADA,P3_PROGRAMADA,CONECTIVIDAD_METROPOLITANA,MEDIANO_PLAZO,49.49171547237356
65,AMBA-P043,AMBA-E002,ESCENARIO_ESTRATEGICO,CONECTIVIDAD,PRIORIDAD_3_MEDIA,PRIORIDAD_3_MEDIA,INTERVENCION_PROGRAMADA,P3_PROGRAMADA,CONECTIVIDAD_METROPOLITANA,MEDIANO_PLAZO,49.49171547237356
66,AMBA-P050,AMBA-E002,ESCENARIO_ESTRATEGICO,CONECTIVIDAD,PRIORIDAD_3_MEDIA,PRIORIDAD_3_MEDIA,INTERVENCION_PROGRAMADA,P3_PROGRAMADA,CONECTIVIDAD_METROPOLITANA,MEDIANO_PLAZO,49.49171547237356
67,AMBA-P056,AMBA-E002,ESCENARIO_ESTRATEGICO,CONECTIVIDAD,PRIORIDAD_3_MEDIA,PRIORIDAD_3_MEDIA,INTERVENCION_PROGRAMADA,P3_PROGRAMADA,CONECTIVIDAD_METROPOLITANA,MEDIANO_PLAZO,49.49171547237356
68,AMBA-P060,AMBA-E002,ESCENARIO_ESTRATEGICO,CONECTIVIDAD,PRIORIDAD_3_MEDIA,PRIORIDAD_3_MEDIA,INTERVENCION_PROGRAMADA,P3_PROGRAMADA,CONECTIVIDAD_METROPOLITANA,MEDIANO_PLAZO,49.49171547237356
69,AMBA-P061,AMBA-E002,ESCENARIO_ESTRATEGICO,CONECTIVIDAD,PRIORIDAD_3_MEDIA,PRIORIDAD_3_MEDIA,INTERVENCION_PROGRAMADA,P3_PROGRAMADA,CONECTIVIDAD_METROPOLITANA,MEDIANO_PLAZO,49.49171547237356
70,AMBA-P065,AMBA-E002,ESCENARIO_ESTRATEGICO,CONECTIVIDAD,PRIORIDAD_3_MEDIA,PRIORIDAD_3_MEDIA,INTERVENCION_PROGRAMADA,P3_PROGRAMADA,CONECTIVIDAD_METROPOLITANA,MEDIANO_PLAZO,49.49171547237356
71,AMBA-P071,AMBA-E002,ESCENARIO_ESTRATEGICO,CONECTIVIDAD,PRIORIDAD_3_MEDIA,PRIORIDAD_3_MEDIA,INTERVENCION_PROGRAMADA,P3_PROGRAMADA,CONECTIVIDAD_METROPOLITANA,MEDIANO_PLAZO,49.49171547237356
72,AMBA-P072,AMBA-E002,ESCENARIO_ESTRATEGICO,CONECTIVIDAD,PRIORIDAD_3_MEDIA,PRIORIDAD_3_MEDIA,INTERVENCION_PROGRAMADA,P3_PROGRAMADA,CONECTIVIDAD_METROPOLITANA,MEDIANO_PLAZO,49.49171547237356
73,AMBA-P078,AMBA-E002,ESCENARIO_ESTRATEGICO,CONECTIVIDAD,PRIORIDAD_3_MEDIA,PRIORIDAD_3_MEDIA,INTERVENCION_PROGRAMADA,P3_PROGRAMADA,CONECTIVIDAD_METROPOLITANA,MEDIANO_PLAZO,49.49171547237356
74,AMBA-P085,AMBA-E002,ESCENARIO_ESTRATEGICO,CONECTIVIDAD,PRIORIDAD_3_MEDIA,PRIORIDAD_3_MEDIA,INTERVENCION_PROGRAMADA,P3_PROGRAMADA,CONECTIVIDAD_METROPOLITANA,MEDIANO_PLAZO,49.49171547237356
75,AMBA-P092,AMBA-E002,ESCENARIO_ESTRATEGICO,CONECTIVIDAD,PRIORIDAD_3_MEDIA,PRIORIDAD_3_MEDIA,INTERVENCION_PROGRAMADA,P3_PROGRAMADA,CONECTIVIDAD_METROPOLITANA,MEDIANO_PLAZO,49.49171547237356
76,AMBA-P101,AMBA-E002,ESCENARIO_ESTRATEGICO,CONECTIVIDAD,PRIORIDAD_3_MEDIA,PRIORIDAD_3_MEDIA,INTERVENCION_PROGRAMADA,P3_PROGRAMADA,CONECTIVIDAD_METROPOLITANA,MEDIANO_PLAZO,49.49171547237356
77,AMBA-P112,AMBA-E002,ESCENARIO_ESTRATEGICO,CONECTIVIDAD,PRIORIDAD_3_MEDIA,PRIORIDAD_3_MEDIA,INTERVENCION_PROGRAMADA,P3_PROGRAMADA,CONECTIVIDAD_METROPOLITANA,MEDIANO_PLAZO,49.49171547237356
78,AMBA-P123,AMBA-E002,ESCENARIO_ESTRATEGICO,CONECTIVIDAD,PRIORIDAD_3_MEDIA,PRIORIDAD_3_MEDIA,INTERVENCION_PROGRAMADA,P3_PROGRAMADA,CONECTIVIDAD_METROPOLITANA,MEDIANO_PLAZO,49.49171547237356
79,AMBA-P125,AMBA-E002,ESCENARIO_ESTRATEGICO,CONECTIVIDAD,PRIORIDAD_3_MEDIA,PRIORIDAD_3_MEDIA,INTERVENCION_PROGRAMADA,P3_PROGRAMADA,CONECTIVIDAD_METROPOLITANA,MEDIANO_PLAZO,49.49171547237356
80,AMBA-P133,AMBA-E002,ESCENARIO_ESTRATEGICO,CONECTIVIDAD,PRIORIDAD_3_MEDIA,PRIORIDAD_3_MEDIA,INTERVENCION_PROGRAMADA,P3_PROGRAMADA,CONECTIVIDAD_METROPOLITANA,MEDIANO_PLAZO,49.49171547237356
81,AMBA-P139,AMBA-E002,ESCENARIO_ESTRATEGICO,CONECTIVIDAD,PRIORIDAD_3_MEDIA,PRIORIDAD_3_MEDIA,INTERVENCION_PROGRAMADA,P3_PROGRAMADA,CONECTIVIDAD_METROPOLITANA,MEDIANO_PLAZO,49.49171547237356
82,AMBA-P141,AMBA-E002,ESCENARIO_ESTRATEGICO,CONECTIVIDAD,PRIORIDAD_3_MEDIA,PRIORIDAD_3_MEDIA,INTERVENCION_PROGRAMADA,P3_PROGRAMADA,CONECTIVIDAD_METROPOLITANA,MEDIANO_PLAZO,49.49171547237356
83,AMBA-P032,AMBA-E005,ESCENARIO_DE_NECESIDAD,DEFICIT,PRIORIDAD_3_MEDIA,PRIORIDAD_3_MEDIA,INTERVENCION_PROGRAMADA,P3_PROGRAMADA,REDUCCION_DE_BRECHAS,MEDIANO_PLAZO,45.43916814105151
84,AMBA-P035,AMBA-E005,ESCENARIO_DE_NECESIDAD,DEFICIT,PRIORIDAD_3_MEDIA,PRIORIDAD_3_MEDIA,INTERVENCION_PROGRAMADA,P3_PROGRAMADA,REDUCCION_DE_BRECHAS,MEDIANO_PLAZO,45.43916814105151
85,AMBA-P039,AMBA-E005,ESCENARIO_DE_NECESIDAD,DEFICIT,PRIORIDAD_3_MEDIA,PRIORIDAD_3_MEDIA,INTERVENCION_PROGRAMADA,P3_PROGRAMADA,REDUCCION_DE_BRECHAS,MEDIANO_PLAZO,45.43916814105151
86,AMBA-P041,AMBA-E005,ESCENARIO_DE_NECESIDAD,DEFICIT,PRIORIDAD_3_MEDIA,PRIORIDAD_3_MEDIA,INTERVENCION_PROGRAMADA,P3_PROGRAMADA,REDUCCION_DE_BRECHAS,MEDIANO_PLAZO,45.43916814105151
87,AMBA-P047,AMBA-E005,ESCENARIO_DE_NECESIDAD,DEFICIT,PRIORIDAD_3_MEDIA,PRIORIDAD_3_MEDIA,INTERVENCION_PROGRAMADA,P3_PROGRAMADA,REDUCCION_DE_BRECHAS,MEDIANO_PLAZO,45.43916814105151
88,AMBA-P049,AMBA-E005,ESCENARIO_DE_NECESIDAD,DEFICIT,PRIORIDAD_3_MEDIA,PRIORIDAD_3_MEDIA,INTERVENCION_PROGRAMADA,P3_PROGRAMADA,REDUCCION_DE_BRECHAS,MEDIANO_PLAZO,45.43916814105151
89,AMBA-P051,AMBA-E005,ESCENARIO_DE_NECESIDAD,DEFICIT,PRIORIDAD_3_MEDIA,PRIORIDAD_3_MEDIA,INTERVENCION_PROGRAMADA,P3_PROGRAMADA,REDUCCION_DE_BRECHAS,MEDIANO_PLAZO,45.43916814105151
90,AMBA-P057,AMBA-E005,ESCENARIO_DE_NECESIDAD,DEFICIT,PRIORIDAD_3_MEDIA,PRIORIDAD_3_MEDIA,INTERVENCION_PROGRAMADA,P3_PROGRAMADA,REDUCCION_DE_BRECHAS,MEDIANO_PLAZO,45.43916814105151
91,AMBA-P062,AMBA-E005,ESCENARIO_DE_NECESIDAD,DEFICIT,PRIORIDAD_3_MEDIA,PRIORIDAD_3_MEDIA,INTERVENCION_PROGRAMADA,P3_PROGRAMADA,REDUCCION_DE_BRECHAS,MEDIANO_PLAZO,45.43916814105151
92,AMBA-P066,AMBA-E005,ESCENARIO_DE_NECESIDAD,DEFICIT,PRIORIDAD_3_MEDIA,PRIORIDAD_3_MEDIA,INTERVENCION_PROGRAMADA,P3_PROGRAMADA,REDUCCION_DE_BRECHAS,MEDIANO_PLAZO,45.43916814105151
93,AMBA-P067,AMBA-E005,ESCENARIO_DE_NECESIDAD,DEFICIT,PRIORIDAD_3_MEDIA,PRIORIDAD_3_MEDIA,INTERVENCION_PROGRAMADA,P3_PROGRAMADA,REDUCCION_DE_BRECHAS,MEDIANO_PLAZO,45.43916814105151
94,AMBA-P068,AMBA-E005,ESCENARIO_DE_NECESIDAD,DEFICIT,PRIORIDAD_3_MEDIA,PRIORIDAD_3_MEDIA,INTERVENCION_PROGRAMADA,P3_PROGRAMADA,REDUCCION_DE_BRECHAS,MEDIANO_PLAZO,45.43916814105151
95,AMBA-P073,AMBA-E005,ESCENARIO_DE_NECESIDAD,DEFICIT,PRIORIDAD_3_MEDIA,PRIORIDAD_3_MEDIA,INTERVENCION_PROGRAMADA,P3_PROGRAMADA,REDUCCION_DE_BRECHAS,MEDIANO_PLAZO,45.43916814105151
96,AMBA-P081,AMBA-E005,ESCENARIO_DE_NECESIDAD,DEFICIT,PRIORIDAD_3_MEDIA,PRIORIDAD_3_MEDIA,INTERVENCION_PROGRAMADA,P3_PROGRAMADA,REDUCCION_DE_BRECHAS,MEDIANO_PLAZO,45.43916814105151
97,AMBA-P086,AMBA-E005,ESCENARIO_DE_NECESIDAD,DEFICIT,PRIORIDAD_3_MEDIA,PRIORIDAD_3_MEDIA,INTERVENCION_PROGRAMADA,P3_PROGRAMADA,REDUCCION_DE_BRECHAS,MEDIANO_PLAZO,45.43916814105151
98,AMBA-P087,AMBA-E005,ESCENARIO_DE_NECESIDAD,DEFICIT,PRIORIDAD_3_MEDIA,PRIORIDAD_3_MEDIA,INTERVENCION_PROGRAMADA,P3_PROGRAMADA,REDUCCION_DE_BRECHAS,MEDIANO_PLAZO,45.43916814105151
99,AMBA-P110,AMBA-E005,ESCENARIO_DE_NECESIDAD,DEFICIT,PRIORIDAD_3_MEDIA,PRIORIDAD_3_MEDIA,INTERVENCION_PROGRAMADA,P3_PROGRAMADA,REDUCCION_DE_BRECHAS,MEDIANO_PLAZO,45.43916814105151
100,AMBA-P118,AMBA-E005,ESCENARIO_DE_NECESIDAD,DEFICIT,PRIORIDAD_3_MEDIA,PRIORIDAD_3_MEDIA,INTERVENCION_PROGRAMADA,P3_PROGRAMADA,REDUCCION_DE_BRECHAS,MEDIANO_PLAZO,45.43916814105151
101,AMBA-P119,AMBA-E005,ESCENARIO_DE_NECESIDAD,DEFICIT,PRIORIDAD_3_MEDIA,PRIORIDAD_3_MEDIA,INTERVENCION_PROGRAMADA,P3_PROGRAMADA,REDUCCION_DE_BRECHAS,MEDIANO_PLAZO,45.43916814105151
102,AMBA-P135,AMBA-E005,ESCENARIO_DE_NECESIDAD,DEFICIT,PRIORIDAD_3_MEDIA,PRIORIDAD_3_MEDIA,INTERVENCION_PROGRAMADA,P3_PROGRAMADA,REDUCCION_DE_BRECHAS,MEDIANO_PLAZO,45.43916814105151
103,AMBA-P138,AMBA-E005,ESCENARIO_DE_NECESIDAD,DEFICIT,PRIORIDAD_3_MEDIA,PRIORIDAD_3_MEDIA,INTERVENCION_PROGRAMADA,P3_PROGRAMADA,REDUCCION_DE_BRECHAS,MEDIANO_PLAZO,45.43916814105151
104,AMBA-P006,AMBA-E006,ESCENARIO_DE_NECESIDAD,DEFICIT,PRIORIDAD_4_MEDIA_BAJA,PRIORIDAD_3_MEDIA,INTERVENCION_PROGRAMADA,P3_PROGRAMADA,REDUCCION_DE_BRECHAS,MEDIANO_PLAZO,44.73723619012915
105,AMBA-P010,AMBA-E006,ESCENARIO_DE_NECESIDAD,DEFICIT,PRIORIDAD_4_MEDIA_BAJA,PRIORIDAD_3_MEDIA,INTERVENCION_PROGRAMADA,P3_PROGRAMADA,REDUCCION_DE_BRECHAS,MEDIANO_PLAZO,44.73723619012915
106,AMBA-P015,AMBA-E006,ESCENARIO_DE_NECESIDAD,DEFICIT,PRIORIDAD_4_MEDIA_BAJA,PRIORIDAD_3_MEDIA,INTERVENCION_PROGRAMADA,P3_PROGRAMADA,REDUCCION_DE_BRECHAS,MEDIANO_PLAZO,44.73723619012915
107,AMBA-P018,AMBA-E006,ESCENARIO_DE_NECESIDAD,DEFICIT,PRIORIDAD_4_MEDIA_BAJA,PRIORIDAD_3_MEDIA,INTERVENCION_PROGRAMADA,P3_PROGRAMADA,REDUCCION_DE_BRECHAS,MEDIANO_PLAZO,44.73723619012915
108,AMBA-P033,AMBA-E006,ESCENARIO_DE_NECESIDAD,DEFICIT,PRIORIDAD_4_MEDIA_BAJA,PRIORIDAD_3_MEDIA,INTERVENCION_PROGRAMADA,P3_PROGRAMADA,REDUCCION_DE_BRECHAS,MEDIANO_PLAZO,44.73723619012915
109,AMBA-P038,AMBA-E006,ESCENARIO_DE_NECESIDAD,DEFICIT,PRIORIDAD_4_MEDIA_BAJA,PRIORIDAD_3_MEDIA,INTERVENCION_PROGRAMADA,P3_PROGRAMADA,REDUCCION_DE_BRECHAS,MEDIANO_PLAZO,44.73723619012915
110,AMBA-P042,AMBA-E006,ESCENARIO_DE_NECESIDAD,DEFICIT,PRIORIDAD_4_MEDIA_BAJA,PRIORIDAD_3_MEDIA,INTERVENCION_PROGRAMADA,P3_PROGRAMADA,REDUCCION_DE_BRECHAS,MEDIANO_PLAZO,44.73723619012915
111,AMBA-P044,AMBA-E006,ESCENARIO_DE_NECESIDAD,DEFICIT,PRIORIDAD_4_MEDIA_BAJA,PRIORIDAD_3_MEDIA,INTERVENCION_PROGRAMADA,P3_PROGRAMADA,REDUCCION_DE_BRECHAS,MEDIANO_PLAZO,44.73723619012915
112,AMBA-P045,AMBA-E006,ESCENARIO_DE_NECESIDAD,DEFICIT,PRIORIDAD_4_MEDIA_BAJA,PRIORIDAD_3_MEDIA,INTERVENCION_PROGRAMADA,P3_PROGRAMADA,REDUCCION_DE_BRECHAS,MEDIANO_PLAZO,44.73723619012915
113,AMBA-P070,AMBA-E006,ESCENARIO_DE_NECESIDAD,DEFICIT,PRIORIDAD_4_MEDIA_BAJA,PRIORIDAD_3_MEDIA,INTERVENCION_PROGRAMADA,P3_PROGRAMADA,REDUCCION_DE_BRECHAS,MEDIANO_PLAZO,44.73723619012915
114,AMBA-P074,AMBA-E006,ESCENARIO_DE_NECESIDAD,DEFICIT,PRIORIDAD_4_MEDIA_BAJA,PRIORIDAD_3_MEDIA,INTERVENCION_PROGRAMADA,P3_PROGRAMADA,REDUCCION_DE_BRECHAS,MEDIANO_PLAZO,44.73723619012915
115,AMBA-P079,AMBA-E006,ESCENARIO_DE_NECESIDAD,DEFICIT,PRIORIDAD_4_MEDIA_BAJA,PRIORIDAD_3_MEDIA,INTERVENCION_PROGRAMADA,P3_PROGRAMADA,REDUCCION_DE_BRECHAS,MEDIANO_PLAZO,44.73723619012915
116,AMBA-P080,AMBA-E006,ESCENARIO_DE_NECESIDAD,DEFICIT,PRIORIDAD_4_MEDIA_BAJA,PRIORIDAD_3_MEDIA,INTERVENCION_PROGRAMADA,P3_PROGRAMADA,REDUCCION_DE_BRECHAS,MEDIANO_PLAZO,44.73723619012915
117,AMBA-P088,AMBA-E006,ESCENARIO_DE_NECESIDAD,DEFICIT,PRIORIDAD_4_MEDIA_BAJA,PRIORIDAD_3_MEDIA,INTERVENCION_PROGRAMADA,P3_PROGRAMADA,REDUCCION_DE_BRECHAS,MEDIANO_PLAZO,44.73723619012915
118,AMBA-P091,AMBA-E006,ESCENARIO_DE_NECESIDAD,DEFICIT,PRIORIDAD_4_MEDIA_BAJA,PRIORIDAD_3_MEDIA,INTERVENCION_PROGRAMADA,P3_PROGRAMADA,REDUCCION_DE_BRECHAS,MEDIANO_PLAZO,44.73723619012915
119,AMBA-P107,AMBA-E006,ESCENARIO_DE_NECESIDAD,DEFICIT,PRIORIDAD_4_MEDIA_BAJA,PRIORIDAD_3_MEDIA,INTERVENCION_PROGRAMADA,P3_PROGRAMADA,REDUCCION_DE_BRECHAS,MEDIANO_PLAZO,44.73723619012915
120,AMBA-P111,AMBA-E006,ESCENARIO_DE_NECESIDAD,DEFICIT,PRIORIDAD_4_MEDIA_BAJA,PRIORIDAD_3_MEDIA,INTERVENCION_PROGRAMADA,P3_PROGRAMADA,REDUCCION_DE_BRECHAS,MEDIANO_PLAZO,44.73723619012915
121,AMBA-P120,AMBA-E006,ESCENARIO_DE_NECESIDAD,DEFICIT,PRIORIDAD_4_MEDIA_BAJA,PRIORIDAD_3_MEDIA,INTERVENCION_PROGRAMADA,P3_PROGRAMADA,REDUCCION_DE_BRECHAS,MEDIANO_PLAZO,44.73723619012915
122,AMBA-P128,AMBA-E006,ESCENARIO_DE_NECESIDAD,DEFICIT,PRIORIDAD_4_MEDIA_BAJA,PRIORIDAD_3_MEDIA,INTERVENCION_PROGRAMADA,P3_PROGRAMADA,REDUCCION_DE_BRECHAS,MEDIANO_PLAZO,44.73723619012915
123,AMBA-P130,AMBA-E006,ESCENARIO_DE_NECESIDAD,DEFICIT,PRIORIDAD_4_MEDIA_BAJA,PRIORIDAD_3_MEDIA,INTERVENCION_PROGRAMADA,P3_PROGRAMADA,REDUCCION_DE_BRECHAS,MEDIANO_PLAZO,44.73723619012915
124,AMBA-P009,AMBA-E007,ESCENARIO_DE_NECESIDAD,CONECTIVIDAD,PRIORIDAD_4_MEDIA_BAJA,PRIORIDAD_4_MEDIA_BAJA,SEGUIMIENTO_TERRITORIAL,P4_SEGUIMIENTO,CONECTIVIDAD_METROPOLITANA,MEDIANO_LARGO_PLAZO,26.58216566291551
125,AMBA-P011,AMBA-E007,ESCENARIO_DE_NECESIDAD,CONECTIVIDAD,PRIORIDAD_4_MEDIA_BAJA,PRIORIDAD_4_MEDIA_BAJA,SEGUIMIENTO_TERRITORIAL,P4_SEGUIMIENTO,CONECTIVIDAD_METROPOLITANA,MEDIANO_LARGO_PLAZO,26.58216566291551
126,AMBA-P022,AMBA-E007,ESCENARIO_DE_NECESIDAD,CONECTIVIDAD,PRIORIDAD_4_MEDIA_BAJA,PRIORIDAD_4_MEDIA_BAJA,SEGUIMIENTO_TERRITORIAL,P4_SEGUIMIENTO,CONECTIVIDAD_METROPOLITANA,MEDIANO_LARGO_PLAZO,26.58216566291551
127,AMBA-P052,AMBA-E007,ESCENARIO_DE_NECESIDAD,CONECTIVIDAD,PRIORIDAD_4_MEDIA_BAJA,PRIORIDAD_4_MEDIA_BAJA,SEGUIMIENTO_TERRITORIAL,P4_SEGUIMIENTO,CONECTIVIDAD_METROPOLITANA,MEDIANO_LARGO_PLAZO,26.58216566291551
128,AMBA-P064,AMBA-E007,ESCENARIO_DE_NECESIDAD,CONECTIVIDAD,PRIORIDAD_4_MEDIA_BAJA,PRIORIDAD_4_MEDIA_BAJA,SEGUIMIENTO_TERRITORIAL,P4_SEGUIMIENTO,CONECTIVIDAD_METROPOLITANA,MEDIANO_LARGO_PLAZO,26.58216566291551
129,AMBA-P075,AMBA-E007,ESCENARIO_DE_NECESIDAD,CONECTIVIDAD,PRIORIDAD_4_MEDIA_BAJA,PRIORIDAD_4_MEDIA_BAJA,SEGUIMIENTO_TERRITORIAL,P4_SEGUIMIENTO,CONECTIVIDAD_METROPOLITANA,MEDIANO_LARGO_PLAZO,26.58216566291551
130,AMBA-P083,AMBA-E007,ESCENARIO_DE_NECESIDAD,CONECTIVIDAD,PRIORIDAD_4_MEDIA_BAJA,PRIORIDAD_4_MEDIA_BAJA,SEGUIMIENTO_TERRITORIAL,P4_SEGUIMIENTO,CONECTIVIDAD_METROPOLITANA,MEDIANO_LARGO_PLAZO,26.58216566291551
131,AMBA-P094,AMBA-E007,ESCENARIO_DE_NECESIDAD,CONECTIVIDAD,PRIORIDAD_4_MEDIA_BAJA,PRIORIDAD_4_MEDIA_BAJA,SEGUIMIENTO_TERRITORIAL,P4_SEGUIMIENTO,CONECTIVIDAD_METROPOLITANA,MEDIANO_LARGO_PLAZO,26.58216566291551
132,AMBA-P095,AMBA-E007,ESCENARIO_DE_NECESIDAD,CONECTIVIDAD,PRIORIDAD_4_MEDIA_BAJA,PRIORIDAD_4_MEDIA_BAJA,SEGUIMIENTO_TERRITORIAL,P4_SEGUIMIENTO,CONECTIVIDAD_METROPOLITANA,MEDIANO_LARGO_PLAZO,26.58216566291551
133,AMBA-P096,AMBA-E007,ESCENARIO_DE_NECESIDAD,CONECTIVIDAD,PRIORIDAD_4_MEDIA_BAJA,PRIORIDAD_4_MEDIA_BAJA,SEGUIMIENTO_TERRITORIAL,P4_SEGUIMIENTO,CONECTIVIDAD_METROPOLITANA,MEDIANO_LARGO_PLAZO,26.58216566291551
134,AMBA-P104,AMBA-E007,ESCENARIO_DE_NECESIDAD,CONECTIVIDAD,PRIORIDAD_4_MEDIA_BAJA,PRIORIDAD_4_MEDIA_BAJA,SEGUIMIENTO_TERRITORIAL,P4_SEGUIMIENTO,CONECTIVIDAD_METROPOLITANA,MEDIANO_LARGO_PLAZO,26.58216566291551
135,AMBA-P108,AMBA-E007,ESCENARIO_DE_NECESIDAD,CONECTIVIDAD,PRIORIDAD_4_MEDIA_BAJA,PRIORIDAD_4_MEDIA_BAJA,SEGUIMIENTO_TERRITORIAL,P4_SEGUIMIENTO,CONECTIVIDAD_METROPOLITANA,MEDIANO_LARGO_PLAZO,26.58216566291551
136,AMBA-P113,AMBA-E007,ESCENARIO_DE_NECESIDAD,CONECTIVIDAD,PRIORIDAD_4_MEDIA_BAJA,PRIORIDAD_4_MEDIA_BAJA,SEGUIMIENTO_TERRITORIAL,P4_SEGUIMIENTO,CONECTIVIDAD_METROPOLITANA,MEDIANO_LARGO_PLAZO,26.58216566291551
137,AMBA-P115,AMBA-E007,ESCENARIO_DE_NECESIDAD,CONECTIVIDAD,PRIORIDAD_4_MEDIA_BAJA,PRIORIDAD_4_MEDIA_BAJA,SEGUIMIENTO_TERRITORIAL,P4_SEGUIMIENTO,CONECTIVIDAD_METROPOLITANA,MEDIANO_LARGO_PLAZO,26.58216566291551
138,AMBA-P117,AMBA-E007,ESCENARIO_DE_NECESIDAD,CONECTIVIDAD,PRIORIDAD_4_MEDIA_BAJA,PRIORIDAD_4_MEDIA_BAJA,SEGUIMIENTO_TERRITORIAL,P4_SEGUIMIENTO,CONECTIVIDAD_METROPOLITANA,MEDIANO_LARGO_PLAZO,26.58216566291551
139,AMBA-P121,AMBA-E007,ESCENARIO_DE_NECESIDAD,CONECTIVIDAD,PRIORIDAD_4_MEDIA_BAJA,PRIORIDAD_4_MEDIA_BAJA,SEGUIMIENTO_TERRITORIAL,P4_SEGUIMIENTO,CONECTIVIDAD_METROPOLITANA,MEDIANO_LARGO_PLAZO,26.58216566291551
140,AMBA-P124,AMBA-E007,ESCENARIO_DE_NECESIDAD,CONECTIVIDAD,PRIORIDAD_4_MEDIA_BAJA,PRIORIDAD_4_MEDIA_BAJA,SEGUIMIENTO_TERRITORIAL,P4_SEGUIMIENTO,CONECTIVIDAD_METROPOLITANA,MEDIANO_LARGO_PLAZO,26.58216566291551
141,AMBA-P126,AMBA-E007,ESCENARIO_DE_NECESIDAD,CONECTIVIDAD,PRIORIDAD_4_MEDIA_BAJA,PRIORIDAD_4_MEDIA_BAJA,SEGUIMIENTO_TERRITORIAL,P4_SEGUIMIENTO,CONECTIVIDAD_METROPOLITANA,MEDIANO_LARGO_PLAZO,26.58216566291551
142,AMBA-P129,AMBA-E007,ESCENARIO_DE_NECESIDAD,CONECTIVIDAD,PRIORIDAD_4_MEDIA_BAJA,PRIORIDAD_4_MEDIA_BAJA,SEGUIMIENTO_TERRITORIAL,P4_SEGUIMIENTO,CONECTIVIDAD_METROPOLITANA,MEDIANO_LARGO_PLAZO,26.58216566291551
143,AMBA-P136,AMBA-E007,ESCENARIO_DE_NECESIDAD,CONECTIVIDAD,PRIORIDAD_4_MEDIA_BAJA,PRIORIDAD_4_MEDIA_BAJA,SEGUIMIENTO_TERRITORIAL,P4_SEGUIMIENTO,CONECTIVIDAD_METROPOLITANA,MEDIANO_LARGO_PLAZO,26.58216566291551
144,AMBA-P137,AMBA-E007,ESCENARIO_DE_NECESIDAD,CONECTIVIDAD,PRIORIDAD_4_MEDIA_BAJA,PRIORIDAD_4_MEDIA_BAJA,SEGUIMIENTO_TERRITORIAL,P4_SEGUIMIENTO,CONECTIVIDAD_METROPOLITANA,MEDIANO_LARGO_PLAZO,26.58216566291551
