id_h3,operaciones_totales,ranking_operaciones,categoria_demanda,hora_pico,operaciones_hora_pico,perfil_temporal,modo_dominante,pct_modo_dominante,id_jurisdiccion_cercana,jurisdiccion_cercana,jurisdiccion_completa_cercana,provincia_id_cercana,provincia_cercana,provincia_original,categoria_jurisdiccion,categoria_original,distancia_jurisdiccion_m,distancia_menos_100,distancia_menos_500,distancia_menos_1000,diagnostico_proximidad
88c2e32003fffff,12,5732,DEMANDA_BAJA,19,7,VESPERTINO,COLECTIVO,100.0,060126,Campana,Municipio Campana,06,Buenos Aires,"{""id"": ""06"", ""interseccion"": 0.0, ""nombre"": ""Buenos Aires""}",Municipio,Municipio,0.9503975052443507,True,True,True,PEGADO_A_JURISDICCION
88c2e310d1fffff,2339,1015,DEMANDA_ALTA,8,273,DIURNO,COLECTIVO,100.0,022084,Comuna 12,Comuna 12,02,Ciudad Autónoma de Buenos Aires,"{""id"": ""02"", ""interseccion"": 0.0, ""nombre"": ""Ciudad Autónoma de Buenos Aires""}",Comuna,Comuna,1.539696867716329,True,True,True,PEGADO_A_JURISDICCION
88c2e3b843fffff,33,5108,DEMANDA_BAJA,4,13,MADRUGADA,COLECTIVO,100.0,060560,Moreno,Municipio Moreno,06,Buenos Aires,"{""id"": ""06"", ""interseccion"": 0.0, ""nombre"": ""Buenos Aires""}",Municipio,Municipio,1.7191446498325345,True,True,True,PEGADO_A_JURISDICCION
88c2e3c655fffff,2016,1183,DEMANDA_ALTA,7,226,DIURNO,COLECTIVO,100.0,060658,Quilmes,Municipio Quilmes,06,Buenos Aires,"{""id"": ""06"", ""interseccion"": 0.0, ""nombre"": ""Buenos Aires""}",Municipio,Municipio,2.3223718592474127,True,True,True,PEGADO_A_JURISDICCION
88c2e3d5d3fffff,8410,238,HOTSPOT_ALTO,7,810,DIURNO,COLECTIVO,100.0,060658,Quilmes,Municipio Quilmes,06,Buenos Aires,"{""id"": ""06"", ""interseccion"": 0.0, ""nombre"": ""Buenos Aires""}",Municipio,Municipio,5.6966968907442705,True,True,True,PEGADO_A_JURISDICCION
88c2e2ac95fffff,4308,503,DEMANDA_ALTA,16,549,DIURNO,COLECTIVO,97.7715877437326,060245,Ensenada,Municipio Ensenada,06,Buenos Aires,"{""id"": ""06"", ""interseccion"": 0.0, ""nombre"": ""Buenos Aires""}",Municipio,Municipio,6.796070483641976,True,True,True,PEGADO_A_JURISDICCION
88c2e31657fffff,168,3987,DEMANDA_MEDIA,11,48,DIURNO,COLECTIVO,100.0,060840,Tres de Febrero,Municipio Tres de Febrero,06,Buenos Aires,"{""id"": ""06"", ""interseccion"": 0.0, ""nombre"": ""Buenos Aires""}",Municipio,Municipio,7.137586546330782,True,True,True,PEGADO_A_JURISDICCION
88c2e32233fffff,197,3870,DEMANDA_MEDIA,16,24,VESPERTINO,COLECTIVO,87.30964467005076,060126,Campana,Municipio Campana,06,Buenos Aires,"{""id"": ""06"", ""interseccion"": 0.0, ""nombre"": ""Buenos Aires""}",Municipio,Municipio,7.764010968996959,True,True,True,PEGADO_A_JURISDICCION
88c2e38721fffff,1432,1595,DEMANDA_ALTA,12,169,MATUTINO,COLECTIVO,100.0,060539,Merlo,Municipio Merlo,06,Buenos Aires,"{""id"": ""06"", ""interseccion"": 0.0, ""nombre"": ""Buenos Aires""}",Municipio,Municipio,7.835397139423926,True,True,True,PEGADO_A_JURISDICCION
88c2e3c0dbfffff,1856,1282,DEMANDA_ALTA,12,206,DIURNO,COLECTIVO,100.0,060091,Berazategui,Municipio Berazategui,06,Buenos Aires,"{""id"": ""06"", ""interseccion"": 0.0, ""nombre"": ""Buenos Aires""}",Municipio,Municipio,8.2384033200194,True,True,True,PEGADO_A_JURISDICCION
88c2e3904bfffff,74,4569,DEMANDA_MEDIA,9,27,MATUTINO,COLECTIVO,100.0,060270,Ezeiza,Municipio Ezeiza,06,Buenos Aires,"{""id"": ""06"", ""interseccion"": 0.0, ""nombre"": ""Buenos Aires""}",Municipio,Municipio,8.753381050899028,True,True,True,PEGADO_A_JURISDICCION
88c2e38c89fffff,5669,351,DEMANDA_ALTA,17,549,DIURNO,COLECTIVO,100.0,060568,Morón,Municipio Morón,06,Buenos Aires,"{""id"": ""06"", ""interseccion"": 0.0, ""nombre"": ""Buenos Aires""}",Municipio,Municipio,10.118506150575612,True,True,True,MUY_CERCANO
88c2e38d9dfffff,1224,1801,DEMANDA_MEDIA,16,139,MATUTINO,COLECTIVO,100.0,060568,Morón,Municipio Morón,06,Buenos Aires,"{""id"": ""06"", ""interseccion"": 0.0, ""nombre"": ""Buenos Aires""}",Municipio,Municipio,10.308798699605502,True,True,True,MUY_CERCANO
88c2e32345fffff,13,5674,DEMANDA_BAJA,17,6,VESPERTINO,COLECTIVO,100.0,060252,Escobar,Municipio Escobar,06,Buenos Aires,"{""id"": ""06"", ""interseccion"": 0.0, ""nombre"": ""Buenos Aires""}",Municipio,Municipio,10.576106682385868,True,True,True,MUY_CERCANO
88c2e38527fffff,2557,927,DEMANDA_ALTA,7,290,MATUTINO,COLECTIVO,100.0,060568,Morón,Municipio Morón,06,Buenos Aires,"{""id"": ""06"", ""interseccion"": 0.0, ""nombre"": ""Buenos Aires""}",Municipio,Municipio,11.460766499990376,True,True,True,MUY_CERCANO
88c2e3ba39fffff,478,3055,DEMANDA_MEDIA,8,57,DIURNO,COLECTIVO,100.0,060539,Merlo,Municipio Merlo,06,Buenos Aires,"{""id"": ""06"", ""interseccion"": 0.0, ""nombre"": ""Buenos Aires""}",Municipio,Municipio,11.910501722157749,True,True,True,MUY_CERCANO
88c2e30219fffff,41749,25,HOTSPOT_EXTREMO,7,4121,MATUTINO,COLECTIVO,62.97875398213131,022084,Comuna 12,Comuna 12,02,Ciudad Autónoma de Buenos Aires,"{""id"": ""02"", ""interseccion"": 0.0, ""nombre"": ""Ciudad Autónoma de Buenos Aires""}",Comuna,Comuna,14.136966093106484,True,True,True,MUY_CERCANO
88c2e30757fffff,1095,1967,DEMANDA_MEDIA,7,122,MATUTINO,COLECTIVO,100.0,060749,San Fernando,Municipio San Fernando,06,Buenos Aires,"{""id"": ""06"", ""interseccion"": 0.0, ""nombre"": ""Buenos Aires""}",Municipio,Municipio,14.424295780573177,True,True,True,MUY_CERCANO
88c2e3c611fffff,2574,922,DEMANDA_ALTA,7,330,DIURNO,COLECTIVO,100.0,060658,Quilmes,Municipio Quilmes,06,Buenos Aires,"{""id"": ""06"", ""interseccion"": 0.0, ""nombre"": ""Buenos Aires""}",Municipio,Municipio,16.759618864360974,True,True,True,MUY_CERCANO
88c2e3899bfffff,1521,1516,DEMANDA_ALTA,7,224,MATUTINO,COLECTIVO,100.0,060490,Lomas de Zamora,Municipio Lomas de Zamora,06,Buenos Aires,"{""id"": ""06"", ""interseccion"": 0.0, ""nombre"": ""Buenos Aires""}",Municipio,Municipio,17.827138467143147,True,True,True,MUY_CERCANO
88c2e38525fffff,718,2549,DEMANDA_MEDIA,7,86,MATUTINO,COLECTIVO,100.0,060427,La Matanza,Municipio La Matanza,06,Buenos Aires,"{""id"": ""06"", ""interseccion"": 0.0, ""nombre"": ""Buenos Aires""}",Municipio,Municipio,18.66139106083157,True,True,True,MUY_CERCANO
88c2e38debfffff,2717,872,DEMANDA_ALTA,16,232,DIURNO,COLECTIVO,100.0,060840,Tres de Febrero,Municipio Tres de Febrero,06,Buenos Aires,"{""id"": ""06"", ""interseccion"": 0.0, ""nombre"": ""Buenos Aires""}",Municipio,Municipio,19.179761147519713,True,True,True,MUY_CERCANO
88c2e3c493fffff,1303,1712,DEMANDA_MEDIA,17,126,MATUTINO,COLECTIVO,100.0,060035,Avellaneda,Municipio Avellaneda,06,Buenos Aires,"{""id"": ""06"", ""interseccion"": 0.0, ""nombre"": ""Buenos Aires""}",Municipio,Municipio,22.554588667449742,True,True,True,MUY_CERCANO
88c2e2368bfffff,728,2527,DEMANDA_MEDIA,7,135,MATUTINO,COLECTIVO,100.0,060245,Ensenada,Municipio Ensenada,06,Buenos Aires,"{""id"": ""06"", ""interseccion"": 0.0, ""nombre"": ""Buenos Aires""}",Municipio,Municipio,23.13587329199481,True,True,True,MUY_CERCANO
88c2e311ebfffff,20055,90,HOTSPOT_ALTO,18,1580,DIURNO,COLECTIVO,79.9950137122912,022021,Comuna 3,Comuna 3,02,Ciudad Autónoma de Buenos Aires,"{""id"": ""02"", ""interseccion"": 0.0, ""nombre"": ""Ciudad Autónoma de Buenos Aires""}",Comuna,Comuna,26.191206440801672,True,True,True,MUY_CERCANO
88c2e31161fffff,8288,243,HOTSPOT_ALTO,7,863,DIURNO,COLECTIVO,100.0,022028,Comuna 4,Comuna 4,02,Ciudad Autónoma de Buenos Aires,"{""id"": ""02"", ""interseccion"": 0.0, ""nombre"": ""Ciudad Autónoma de Buenos Aires""}",Comuna,Comuna,26.37270007729176,True,True,True,MUY_CERCANO
88c2e31353fffff,356,3376,DEMANDA_MEDIA,16,53,VESPERTINO,COLECTIVO,100.0,022056,Comuna 8,Comuna 8,02,Ciudad Autónoma de Buenos Aires,"{""id"": ""02"", ""interseccion"": 0.0, ""nombre"": ""Ciudad Autónoma de Buenos Aires""}",Comuna,Comuna,33.838653881795565,True,True,True,MUY_CERCANO
88c2e3204bfffff,2,6409,DEMANDA_BAJA,9,2,MATUTINO,LANCHAS,100.0,060126,Campana,Municipio Campana,06,Buenos Aires,"{""id"": ""06"", ""interseccion"": 0.0, ""nombre"": ""Buenos Aires""}",Municipio,Municipio,35.27381843318349,True,True,True,MUY_CERCANO
88c2ee9b35fffff,78,4548,DEMANDA_MEDIA,13,26,DIURNO,COLECTIVO,100.0,060497,Luján,Municipio Luján,06,Buenos Aires,"{""id"": ""06"", ""interseccion"": 0.0, ""nombre"": ""Buenos Aires""}",Municipio,Municipio,38.63817399670432,True,True,True,MUY_CERCANO
88c2e32043fffff,11,5767,DEMANDA_BAJA,7,11,MATUTINO,COLECTIVO,100.0,060749,San Fernando,Municipio San Fernando,06,Buenos Aires,"{""id"": ""06"", ""interseccion"": 0.0, ""nombre"": ""Buenos Aires""}",Municipio,Municipio,39.03890449071206,True,True,True,MUY_CERCANO
88c2e3d5a7fffff,18039,110,HOTSPOT_ALTO,7,1608,DIURNO,COLECTIVO,100.0,060274,Florencio Varela,Municipio Florencio Varela,06,Buenos Aires,"{""id"": ""06"", ""interseccion"": 0.0, ""nombre"": ""Buenos Aires""}",Municipio,Municipio,45.488641712872415,True,True,True,MUY_CERCANO
88c2e38e97fffff,2779,843,DEMANDA_ALTA,18,286,DIURNO,COLECTIVO,100.0,060410,Ituzaingó,Municipio Ituzaingó,06,Buenos Aires,"{""id"": ""06"", ""interseccion"": 0.0, ""nombre"": ""Buenos Aires""}",Municipio,Municipio,46.93017377534667,True,True,True,MUY_CERCANO
88c2e3c217fffff,1250,1771,DEMANDA_MEDIA,7,145,DIURNO,COLECTIVO,100.0,060091,Berazategui,Municipio Berazategui,06,Buenos Aires,"{""id"": ""06"", ""interseccion"": 0.0, ""nombre"": ""Buenos Aires""}",Municipio,Municipio,46.97264933039564,True,True,True,MUY_CERCANO
88c2e3b84bfffff,112,4295,DEMANDA_MEDIA,5,16,DIURNO,COLECTIVO,100.0,060410,Ituzaingó,Municipio Ituzaingó,06,Buenos Aires,"{""id"": ""06"", ""interseccion"": 0.0, ""nombre"": ""Buenos Aires""}",Municipio,Municipio,48.73125649599168,True,True,True,MUY_CERCANO
88c2e3035bfffff,1204,1827,DEMANDA_MEDIA,14,111,DIURNO,COLECTIVO,100.0,022098,Comuna 14,Comuna 14,02,Ciudad Autónoma de Buenos Aires,"{""id"": ""02"", ""interseccion"": 0.0, ""nombre"": ""Ciudad Autónoma de Buenos Aires""}",Comuna,Comuna,52.87624920175322,True,True,True,MUY_CERCANO
88c2e31655fffff,160,4023,DEMANDA_MEDIA,18,34,VESPERTINO,COLECTIVO,100.0,060568,Morón,Municipio Morón,06,Buenos Aires,"{""id"": ""06"", ""interseccion"": 0.0, ""nombre"": ""Buenos Aires""}",Municipio,Municipio,53.49004827846086,True,True,True,MUY_CERCANO
88c2e38989fffff,4026,563,DEMANDA_ALTA,7,423,DIURNO,COLECTIVO,100.0,060490,Lomas de Zamora,Municipio Lomas de Zamora,06,Buenos Aires,"{""id"": ""06"", ""interseccion"": 0.0, ""nombre"": ""Buenos Aires""}",Municipio,Municipio,56.72424062480056,True,True,True,MUY_CERCANO
88c2e06cb7fffff,373,3324,DEMANDA_MEDIA,6,78,MATUTINO,COLECTIVO,100.0,060028,Almirante Brown,Municipio Almirante Brown,06,Buenos Aires,"{""id"": ""06"", ""interseccion"": 0.0, ""nombre"": ""Buenos Aires""}",Municipio,Municipio,58.863789063411524,True,True,True,MUY_CERCANO
88c2e3200bfffff,27,5217,DEMANDA_BAJA,6,18,MATUTINO,COLECTIVO,100.0,060126,Campana,Municipio Campana,06,Buenos Aires,"{""id"": ""06"", ""interseccion"": 0.0, ""nombre"": ""Buenos Aires""}",Municipio,Municipio,64.68889834306282,True,True,True,MUY_CERCANO
88c2e30221fffff,109,4305,DEMANDA_MEDIA,19,17,VESPERTINO,COLECTIVO,100.0,022091,Comuna 13,Comuna 13,02,Ciudad Autónoma de Buenos Aires,"{""id"": ""02"", ""interseccion"": 0.0, ""nombre"": ""Ciudad Autónoma de Buenos Aires""}",Comuna,Comuna,66.5958191608306,True,True,True,MUY_CERCANO
88c2e30703fffff,2956,797,DEMANDA_ALTA,6,367,MATUTINO,TREN,77.67253044654939,060749,San Fernando,Municipio San Fernando,06,Buenos Aires,"{""id"": ""06"", ""interseccion"": 0.0, ""nombre"": ""Buenos Aires""}",Municipio,Municipio,68.93343893126276,True,True,True,MUY_CERCANO
88c2e3c2c7fffff,1586,1459,DEMANDA_ALTA,7,158,DIURNO,COLECTIVO,100.0,060091,Berazategui,Municipio Berazategui,06,Buenos Aires,"{""id"": ""06"", ""interseccion"": 0.0, ""nombre"": ""Buenos Aires""}",Municipio,Municipio,68.93460403452654,True,True,True,MUY_CERCANO
88c2e3c761fffff,326,3461,DEMANDA_MEDIA,9,39,MATUTINO,COLECTIVO,100.0,060091,Berazategui,Municipio Berazategui,06,Buenos Aires,"{""id"": ""06"", ""interseccion"": 0.0, ""nombre"": ""Buenos Aires""}",Municipio,Municipio,69.00111802564467,True,True,True,MUY_CERCANO
88c2e30215fffff,8610,230,HOTSPOT_ALTO,17,1015,VESPERTINO,COLECTIVO,70.7897793263647,022091,Comuna 13,Comuna 13,02,Ciudad Autónoma de Buenos Aires,"{""id"": ""02"", ""interseccion"": 0.0, ""nombre"": ""Ciudad Autónoma de Buenos Aires""}",Comuna,Comuna,69.20490536189826,True,True,True,MUY_CERCANO
88c2e38d91fffff,1509,1531,DEMANDA_ALTA,7,195,DIURNO,COLECTIVO,100.0,060840,Tres de Febrero,Municipio Tres de Febrero,06,Buenos Aires,"{""id"": ""06"", ""interseccion"": 0.0, ""nombre"": ""Buenos Aires""}",Municipio,Municipio,88.08425638209107,True,True,True,MUY_CERCANO
88c2e31a9bfffff,1341,1684,DEMANDA_ALTA,7,260,MATUTINO,COLECTIVO,100.0,022014,Comuna 2,Comuna 2,02,Ciudad Autónoma de Buenos Aires,"{""id"": ""02"", ""interseccion"": 0.0, ""nombre"": ""Ciudad Autónoma de Buenos Aires""}",Comuna,Comuna,88.48418477928104,True,True,True,MUY_CERCANO
88c2e3c2d7fffff,1621,1429,DEMANDA_ALTA,17,190,DIURNO,COLECTIVO,100.0,060091,Berazategui,Municipio Berazategui,06,Buenos Aires,"{""id"": ""06"", ""interseccion"": 0.0, ""nombre"": ""Buenos Aires""}",Municipio,Municipio,90.35990819279654,True,True,True,MUY_CERCANO
88c2e315e5fffff,831,2351,DEMANDA_MEDIA,17,124,VESPERTINO,COLECTIVO,100.0,060756,San Isidro,Municipio San Isidro,06,Buenos Aires,"{""id"": ""06"", ""interseccion"": 0.0, ""nombre"": ""Buenos Aires""}",Municipio,Municipio,92.16239627730572,True,True,True,MUY_CERCANO
88c2e3c749fffff,4641,452,DEMANDA_ALTA,12,483,DIURNO,COLECTIVO,100.0,060274,Florencio Varela,Municipio Florencio Varela,06,Buenos Aires,"{""id"": ""06"", ""interseccion"": 0.0, ""nombre"": ""Buenos Aires""}",Municipio,Municipio,94.31653387436421,True,True,True,MUY_CERCANO
88c2e3cb43fffff,147,4087,DEMANDA_MEDIA,7,26,DIURNO,COLECTIVO,100.0,060245,Ensenada,Municipio Ensenada,06,Buenos Aires,"{""id"": ""06"", ""interseccion"": 0.0, ""nombre"": ""Buenos Aires""}",Municipio,Municipio,101.45797766093334,False,True,True,CERCANO
88c2e3022dfffff,191,3889,DEMANDA_MEDIA,17,27,VESPERTINO,COLECTIVO,100.0,022091,Comuna 13,Comuna 13,02,Ciudad Autónoma de Buenos Aires,"{""id"": ""02"", ""interseccion"": 0.0, ""nombre"": ""Ciudad Autónoma de Buenos Aires""}",Comuna,Comuna,101.79186951213762,False,True,True,CERCANO
88c2e31303fffff,667,2651,DEMANDA_MEDIA,7,80,DIURNO,COLECTIVO,100.0,060434,Lanús,Municipio Lanús,06,Buenos Aires,"{""id"": ""06"", ""interseccion"": 0.0, ""nombre"": ""Buenos Aires""}",Municipio,Municipio,107.68016424642899,False,True,True,CERCANO
88c2e3073dfffff,461,3102,DEMANDA_MEDIA,14,111,DIURNO,COLECTIVO,77.22342733188721,060749,San Fernando,Municipio San Fernando,06,Buenos Aires,"{""id"": ""06"", ""interseccion"": 0.0, ""nombre"": ""Buenos Aires""}",Municipio,Municipio,123.26988542242466,False,True,True,CERCANO
88c2e389c7fffff,806,2389,DEMANDA_MEDIA,7,93,DIURNO,COLECTIVO,100.0,060434,Lanús,Municipio Lanús,06,Buenos Aires,"{""id"": ""06"", ""interseccion"": 0.0, ""nombre"": ""Buenos Aires""}",Municipio,Municipio,125.24634859868198,False,True,True,CERCANO
88c2e38ab7fffff,189,3902,DEMANDA_MEDIA,6,52,MATUTINO,COLECTIVO,100.0,060260,Esteban Echeverría,Municipio Esteban Echeverría,06,Buenos Aires,"{""id"": ""06"", ""interseccion"": 0.0, ""nombre"": ""Buenos Aires""}",Municipio,Municipio,125.81625462007122,False,True,True,CERCANO
88c2e33945fffff,14,5625,DEMANDA_BAJA,19,5,VESPERTINO,COLECTIVO,100.0,060805,Tigre,Municipio Tigre,06,Buenos Aires,"{""id"": ""06"", ""interseccion"": 0.0, ""nombre"": ""Buenos Aires""}",Municipio,Municipio,126.19097825589554,False,True,True,CERCANO
88c2e3c745fffff,560,2877,DEMANDA_MEDIA,7,85,MATUTINO,COLECTIVO,100.0,060091,Berazategui,Municipio Berazategui,06,Buenos Aires,"{""id"": ""06"", ""interseccion"": 0.0, ""nombre"": ""Buenos Aires""}",Municipio,Municipio,129.938005615097,False,True,True,CERCANO
88c2e300d1fffff,632,2727,DEMANDA_MEDIA,17,70,DIURNO,COLECTIVO,81.4873417721519,060756,San Isidro,Municipio San Isidro,06,Buenos Aires,"{""id"": ""06"", ""interseccion"": 0.0, ""nombre"": ""Buenos Aires""}",Municipio,Municipio,137.8708654160476,False,True,True,CERCANO
88c2e3bb6dfffff,241,3731,DEMANDA_MEDIA,13,36,DIURNO,COLECTIVO,100.0,060568,Morón,Municipio Morón,06,Buenos Aires,"{""id"": ""06"", ""interseccion"": 0.0, ""nombre"": ""Buenos Aires""}",Municipio,Municipio,144.36927984200435,False,True,True,CERCANO
88c2e30c93fffff,30,5154,DEMANDA_BAJA,19,14,VESPERTINO,COLECTIVO,100.0,060805,Tigre,Municipio Tigre,06,Buenos Aires,"{""id"": ""06"", ""interseccion"": 0.0, ""nombre"": ""Buenos Aires""}",Municipio,Municipio,152.41583696181854,False,True,True,CERCANO
88c2e3c2c5fffff,1945,1232,DEMANDA_ALTA,18,238,VESPERTINO,COLECTIVO,100.0,060274,Florencio Varela,Municipio Florencio Varela,06,Buenos Aires,"{""id"": ""06"", ""interseccion"": 0.0, ""nombre"": ""Buenos Aires""}",Municipio,Municipio,158.9050191758972,False,True,True,CERCANO
88c2e3c505fffff,3858,592,DEMANDA_ALTA,7,561,DIURNO,COLECTIVO,100.0,060658,Quilmes,Municipio Quilmes,06,Buenos Aires,"{""id"": ""06"", ""interseccion"": 0.0, ""nombre"": ""Buenos Aires""}",Municipio,Municipio,159.22663514016168,False,True,True,CERCANO
88c2e33901fffff,82,4507,DEMANDA_MEDIA,18,26,VESPERTINO,COLECTIVO,100.0,060749,San Fernando,Municipio San Fernando,06,Buenos Aires,"{""id"": ""06"", ""interseccion"": 0.0, ""nombre"": ""Buenos Aires""}",Municipio,Municipio,161.8353634262833,False,True,True,CERCANO
88c2e38995fffff,3752,611,DEMANDA_ALTA,7,671,MATUTINO,COLECTIVO,100.0,060434,Lanús,Municipio Lanús,06,Buenos Aires,"{""id"": ""06"", ""interseccion"": 0.0, ""nombre"": ""Buenos Aires""}",Municipio,Municipio,171.1475086356018,False,True,True,CERCANO
88c2e2369dfffff,149,4072,DEMANDA_MEDIA,8,25,DIURNO,COLECTIVO,100.0,060245,Ensenada,Municipio Ensenada,06,Buenos Aires,"{""id"": ""06"", ""interseccion"": 0.0, ""nombre"": ""Buenos Aires""}",Municipio,Municipio,171.60898303716058,False,True,True,CERCANO
88c2e3135bfffff,2305,1031,DEMANDA_ALTA,12,291,DIURNO,COLECTIVO,100.0,022056,Comuna 8,Comuna 8,02,Ciudad Autónoma de Buenos Aires,"{""id"": ""02"", ""interseccion"": 0.0, ""nombre"": ""Ciudad Autónoma de Buenos Aires""}",Comuna,Comuna,192.3018150365628,False,True,True,CERCANO
88c2e302d1fffff,2552,929,DEMANDA_ALTA,7,482,MATUTINO,COLECTIVO,100.0,060756,San Isidro,Municipio San Isidro,06,Buenos Aires,"{""id"": ""06"", ""interseccion"": 0.0, ""nombre"": ""Buenos Aires""}",Municipio,Municipio,193.2992699943767,False,True,True,CERCANO
88c2e33903fffff,115,4278,DEMANDA_MEDIA,16,43,DIURNO,COLECTIVO,100.0,060749,San Fernando,Municipio San Fernando,06,Buenos Aires,"{""id"": ""06"", ""interseccion"": 0.0, ""nombre"": ""Buenos Aires""}",Municipio,Municipio,209.37165887350386,False,True,True,CERCANO
88c2e3c517fffff,136,4147,DEMANDA_MEDIA,7,33,DIURNO,COLECTIVO,100.0,060658,Quilmes,Municipio Quilmes,06,Buenos Aires,"{""id"": ""06"", ""interseccion"": 0.0, ""nombre"": ""Buenos Aires""}",Municipio,Municipio,209.89880033460832,False,True,True,CERCANO
88c2e38ed7fffff,302,3535,DEMANDA_MEDIA,12,43,MATUTINO,COLECTIVO,100.0,060568,Morón,Municipio Morón,06,Buenos Aires,"{""id"": ""06"", ""interseccion"": 0.0, ""nombre"": ""Buenos Aires""}",Municipio,Municipio,220.7698058089316,False,True,True,CERCANO
88c2e33947fffff,12,5732,DEMANDA_BAJA,16,5,VESPERTINO,COLECTIVO,100.0,060805,Tigre,Municipio Tigre,06,Buenos Aires,"{""id"": ""06"", ""interseccion"": 0.0, ""nombre"": ""Buenos Aires""}",Municipio,Municipio,227.7203705545967,False,True,True,CERCANO
88c2e30649fffff,811,2383,DEMANDA_MEDIA,7,126,MATUTINO,COLECTIVO,100.0,060805,Tigre,Municipio Tigre,06,Buenos Aires,"{""id"": ""06"", ""interseccion"": 0.0, ""nombre"": ""Buenos Aires""}",Municipio,Municipio,228.30168800845476,False,True,True,CERCANO
88c2e3131dfffff,12141,174,HOTSPOT_ALTO,7,1372,MATUTINO,COLECTIVO,100.0,022028,Comuna 4,Comuna 4,02,Ciudad Autónoma de Buenos Aires,"{""id"": ""02"", ""interseccion"": 0.0, ""nombre"": ""Ciudad Autónoma de Buenos Aires""}",Comuna,Comuna,237.76533295313274,False,True,True,CERCANO
88c2e31357fffff,4439,478,DEMANDA_ALTA,7,559,DIURNO,COLECTIVO,100.0,060434,Lanús,Municipio Lanús,06,Buenos Aires,"{""id"": ""06"", ""interseccion"": 0.0, ""nombre"": ""Buenos Aires""}",Municipio,Municipio,247.54014572415272,False,True,True,CERCANO
88c2e3cb55fffff,1139,1912,DEMANDA_MEDIA,7,180,MATUTINO,COLECTIVO,100.0,060245,Ensenada,Municipio Ensenada,06,Buenos Aires,"{""id"": ""06"", ""interseccion"": 0.0, ""nombre"": ""Buenos Aires""}",Municipio,Municipio,250.25732859562987,False,True,True,CERCANO
88c2e3c2c3fffff,966,2134,DEMANDA_MEDIA,7,104,DIURNO,COLECTIVO,100.0,060274,Florencio Varela,Municipio Florencio Varela,06,Buenos Aires,"{""id"": ""06"", ""interseccion"": 0.0, ""nombre"": ""Buenos Aires""}",Municipio,Municipio,260.61167482979715,False,True,True,CERCANO
88c2e300ddfffff,2,6409,DEMANDA_BAJA,14,1,DIURNO,TREN,100.0,060756,San Isidro,Municipio San Isidro,06,Buenos Aires,"{""id"": ""06"", ""interseccion"": 0.0, ""nombre"": ""Buenos Aires""}",Municipio,Municipio,266.4354584622065,False,True,True,CERCANO
88c2e3028bfffff,1619,1431,DEMANDA_ALTA,7,205,MATUTINO,COLECTIVO,100.0,060756,San Isidro,Municipio San Isidro,06,Buenos Aires,"{""id"": ""06"", ""interseccion"": 0.0, ""nombre"": ""Buenos Aires""}",Municipio,Municipio,294.27096610733275,False,True,True,CERCANO
88c2e38ed1fffff,1935,1238,DEMANDA_ALTA,12,202,DIURNO,COLECTIVO,100.0,060410,Ituzaingó,Municipio Ituzaingó,06,Buenos Aires,"{""id"": ""06"", ""interseccion"": 0.0, ""nombre"": ""Buenos Aires""}",Municipio,Municipio,314.68297328858694,False,True,True,CERCANO
88c2e3c565fffff,34,5087,DEMANDA_BAJA,17,17,VESPERTINO,COLECTIVO,100.0,060658,Quilmes,Municipio Quilmes,06,Buenos Aires,"{""id"": ""06"", ""interseccion"": 0.0, ""nombre"": ""Buenos Aires""}",Municipio,Municipio,329.0988290956026,False,True,True,CERCANO
88c2e30287fffff,2370,998,DEMANDA_ALTA,8,252,DIURNO,TREN,73.83966244725738,060861,Vicente López,Municipio Vicente López,06,Buenos Aires,"{""id"": ""06"", ""interseccion"": 0.0, ""nombre"": ""Buenos Aires""}",Municipio,Municipio,359.2553128684425,False,True,True,CERCANO
88c2e3c2d5fffff,1472,1560,DEMANDA_ALTA,12,138,DIURNO,COLECTIVO,100.0,060091,Berazategui,Municipio Berazategui,06,Buenos Aires,"{""id"": ""06"", ""interseccion"": 0.0, ""nombre"": ""Buenos Aires""}",Municipio,Municipio,362.84800595580754,False,True,True,CERCANO
88c2e3390dfffff,23,5320,DEMANDA_BAJA,17,15,VESPERTINO,COLECTIVO,100.0,060749,San Fernando,Municipio San Fernando,06,Buenos Aires,"{""id"": ""06"", ""interseccion"": 0.0, ""nombre"": ""Buenos Aires""}",Municipio,Municipio,371.30081963352376,False,True,True,CERCANO
88c2e3c507fffff,136,4147,DEMANDA_MEDIA,7,44,DIURNO,COLECTIVO,100.0,060658,Quilmes,Municipio Quilmes,06,Buenos Aires,"{""id"": ""06"", ""interseccion"": 0.0, ""nombre"": ""Buenos Aires""}",Municipio,Municipio,379.0630862200646,False,True,True,CERCANO
88c2e300cbfffff,2,6409,DEMANDA_BAJA,15,1,DIURNO,TREN,100.0,060756,San Isidro,Municipio San Isidro,06,Buenos Aires,"{""id"": ""06"", ""interseccion"": 0.0, ""nombre"": ""Buenos Aires""}",Municipio,Municipio,395.0545867578339,False,True,True,CERCANO
88c2e38997fffff,79,4532,DEMANDA_MEDIA,7,16,MATUTINO,COLECTIVO,100.0,060434,Lanús,Municipio Lanús,06,Buenos Aires,"{""id"": ""06"", ""interseccion"": 0.0, ""nombre"": ""Buenos Aires""}",Municipio,Municipio,402.80128273093516,False,True,True,CERCANO
88c2e30351fffff,913,2218,DEMANDA_MEDIA,22,137,DIURNO,COLECTIVO,100.0,022098,Comuna 14,Comuna 14,02,Ciudad Autónoma de Buenos Aires,"{""id"": ""02"", ""interseccion"": 0.0, ""nombre"": ""Ciudad Autónoma de Buenos Aires""}",Comuna,Comuna,446.26868633459776,False,True,True,CERCANO
88c2e302a3fffff,3,6307,DEMANDA_BAJA,17,2,VESPERTINO,TREN,100.0,060861,Vicente López,Municipio Vicente López,06,Buenos Aires,"{""id"": ""06"", ""interseccion"": 0.0, ""nombre"": ""Buenos Aires""}",Municipio,Municipio,454.4676470684916,False,True,True,CERCANO
88c2e3c567fffff,60,4737,DEMANDA_MEDIA,6,14,MATUTINO,COLECTIVO,100.0,060658,Quilmes,Municipio Quilmes,06,Buenos Aires,"{""id"": ""06"", ""interseccion"": 0.0, ""nombre"": ""Buenos Aires""}",Municipio,Municipio,548.775579958911,False,False,True,MODERADAMENTE_CERCANO
88c2e3c529fffff,3814,600,DEMANDA_ALTA,7,548,DIURNO,COLECTIVO,100.0,060658,Quilmes,Municipio Quilmes,06,Buenos Aires,"{""id"": ""06"", ""interseccion"": 0.0, ""nombre"": ""Buenos Aires""}",Municipio,Municipio,768.5042423368744,False,False,True,MODERADAMENTE_CERCANO
