id_h3,operaciones_totales,ranking_perfil,percentil_demanda,categoria_demanda,hora_pico,operaciones_hora_pico,pct_hora_pico,franja_dominante,perfil_temporal,modo_dominante,pct_modo_dominante,cantidad_modos,indice_dominancia_modal,perfil_nodo,prioridad_analitica
88c2e31101fffff,385544,1,100.0,HOTSPOT_EXTREMO,8,57152,14.82372958728446,MANANA,MATUTINO,TREN,59.779428547714396,3,0.597794285477144,HOTSPOT_EXTREMO_MATUTINO,PRIORIDAD_MUY_ALTA
88c2e31113fffff,187709,2,99.9852616064849,HOTSPOT_EXTREMO,17,16328,8.698570659904426,MEDIODIA,DIURNO,TREN,50.52501478352131,3,0.505250147835213,HOTSPOT_EXTREMO_DIURNO,PRIORIDAD_MUY_ALTA
88c2e38ccdfffff,134803,3,99.97052321296978,HOTSPOT_EXTREMO,18,12193,9.045050926166331,MEDIODIA,DIURNO,COLECTIVO,57.69975445650319,2,0.5769975445650319,HOTSPOT_EXTREMO_DIURNO,PRIORIDAD_MUY_ALTA
88c2e3c6d3fffff,123220,4,99.95578481945469,HOTSPOT_EXTREMO,17,11209,9.09673754260672,MEDIODIA,DIURNO,COLECTIVO,64.46518422334037,2,0.6446518422334038,HOTSPOT_EXTREMO_DIURNO,PRIORIDAD_MUY_ALTA
88c2e3ba6bfffff,113887,5,99.94104642593958,HOTSPOT_EXTREMO,18,10501,9.220543169984282,MEDIODIA,DIURNO,COLECTIVO,52.16925549009106,2,0.5216925549009106,HOTSPOT_EXTREMO_DIURNO,PRIORIDAD_MUY_ALTA
88c2e3895dfffff,107844,6,99.92630803242447,HOTSPOT_EXTREMO,17,10318,9.567523459812321,MEDIODIA,DIURNO,TREN,50.074181224732015,2,0.5007418122473202,HOTSPOT_EXTREMO_DIURNO,PRIORIDAD_MUY_ALTA
88c2e31ad1fffff,99078,7,99.91156963890936,HOTSPOT_EXTREMO,17,12414,12.529522194634529,TARDE,VESPERTINO,TREN,47.106320272916285,3,0.47106320272916286,HOTSPOT_EXTREMO_VESPERTINO,PRIORIDAD_MUY_ALTA
88c2e312d9fffff,95342,8,99.89683124539425,HOTSPOT_EXTREMO,7,11966,12.550607287449392,MANANA,MATUTINO,COLECTIVO,61.19233915797865,2,0.6119233915797865,HOTSPOT_EXTREMO_MATUTINO,PRIORIDAD_MUY_ALTA
88c2e3b135fffff,93481,9,99.88209285187915,HOTSPOT_EXTREMO,18,8001,8.558958504936832,MEDIODIA,DIURNO,COLECTIVO,52.989377520565675,2,0.5298937752056567,HOTSPOT_EXTREMO_DIURNO,PRIORIDAD_MUY_ALTA
88c2e310adfffff,90242,10,99.86735445836405,HOTSPOT_EXTREMO,8,9375,10.38873251922608,MANANA,MATUTINO,TREN,44.245473282950286,3,0.4424547328295029,HOTSPOT_EXTREMO_MATUTINO,PRIORIDAD_MUY_ALTA
88c2e31ad7fffff,89427,11,99.85261606484893,HOTSPOT_EXTREMO,17,8409,9.403200375725453,MANANA,MATUTINO,TREN,59.208069151374865,2,0.5920806915137486,HOTSPOT_EXTREMO_MATUTINO,PRIORIDAD_MUY_ALTA
88c2e3aa11fffff,75833,12,99.83787767133383,HOTSPOT_EXTREMO,17,7034,9.275645167671067,MEDIODIA,DIURNO,COLECTIVO,58.20816794799099,2,0.5820816794799099,HOTSPOT_EXTREMO_DIURNO,PRIORIDAD_MUY_ALTA
88c2e31183fffff,73461,13,99.82313927781871,HOTSPOT_EXTREMO,17,6946,9.455357264398796,MEDIODIA,DIURNO,COLECTIVO,57.566599964607065,3,0.5756659996460707,HOTSPOT_EXTREMO_DIURNO,PRIORIDAD_MUY_ALTA
88c2e38dc1fffff,59427,14,99.80840088430362,HOTSPOT_EXTREMO,7,5060,8.514648223871305,MEDIODIA,DIURNO,COLECTIVO,61.59153246840662,2,0.6159153246840662,HOTSPOT_EXTREMO_DIURNO,PRIORIDAD_MUY_ALTA
88c2e398a7fffff,58830,15,99.7936624907885,HOTSPOT_EXTREMO,18,5197,8.833928267890533,MEDIODIA,DIURNO,TREN,50.14448410674825,2,0.5014448410674825,HOTSPOT_EXTREMO_DIURNO,PRIORIDAD_MUY_ALTA
88c2e3c737fffff,58414,16,99.7789240972734,HOTSPOT_EXTREMO,17,5289,9.054336289245729,MEDIODIA,DIURNO,COLECTIVO,64.30650186599102,2,0.6430650186599103,HOTSPOT_EXTREMO_DIURNO,PRIORIDAD_MUY_ALTA
88c2e31317fffff,54584,17,99.76418570375829,HOTSPOT_EXTREMO,17,4970,9.105232302506229,MEDIODIA,DIURNO,COLECTIVO,74.21955151692804,2,0.7421955151692804,HOTSPOT_EXTREMO_DIURNO,PRIORIDAD_MUY_ALTA
88c2e3d513fffff,50584,18,99.74944731024318,HOTSPOT_EXTREMO,18,4393,8.684564289103273,MEDIODIA,DIURNO,COLECTIVO,69.1641625810533,2,0.691641625810533,HOTSPOT_EXTREMO_DIURNO,PRIORIDAD_MUY_ALTA
88c2e31133fffff,48707,19,99.73470891672808,HOTSPOT_EXTREMO,17,5137,10.546738661793993,MEDIODIA,DIURNO,COLECTIVO,57.80688607387029,2,0.5780688607387029,HOTSPOT_EXTREMO_DIURNO,PRIORIDAD_MUY_ALTA
88c2e3b137fffff,46510,20,99.71997052321298,HOTSPOT_EXTREMO,18,3921,8.430445065577295,MEDIODIA,DIURNO,COLECTIVO,100.0,1,1.0,HOTSPOT_EXTREMO_DIURNO,PRIORIDAD_MUY_ALTA
88c2e3d699fffff,44338,21,99.70523212969786,HOTSPOT_EXTREMO,17,3984,8.9855203211692,MEDIODIA,DIURNO,TREN,52.438089223690746,2,0.5243808922369074,HOTSPOT_EXTREMO_DIURNO,PRIORIDAD_MUY_ALTA
88c2e30243fffff,43621,22,99.69049373618276,HOTSPOT_EXTREMO,18,3851,8.828316636482429,MEDIODIA,DIURNO,COLECTIVO,64.89305609683409,2,0.6489305609683409,HOTSPOT_EXTREMO_DIURNO,PRIORIDAD_MUY_ALTA
88c2e31053fffff,42631,23,99.67575534266764,HOTSPOT_EXTREMO,17,3863,9.061481081841851,MEDIODIA,DIURNO,COLECTIVO,44.162698505782174,3,0.4416269850578217,HOTSPOT_EXTREMO_DIURNO,PRIORIDAD_MUY_ALTA
88c2e31007fffff,42080,24,99.66101694915255,HOTSPOT_EXTREMO,18,3594,8.540874524714829,MEDIODIA,DIURNO,COLECTIVO,65.58222433460075,2,0.6558222433460075,HOTSPOT_EXTREMO_DIURNO,PRIORIDAD_MUY_ALTA
88c2e30219fffff,41749,25,99.64627855563744,HOTSPOT_EXTREMO,7,4121,9.87089511126015,MANANA,MATUTINO,COLECTIVO,62.97875398213131,2,0.6297875398213131,HOTSPOT_EXTREMO_MATUTINO,PRIORIDAD_MUY_ALTA
88c2e3b997fffff,41663,26,99.63154016212233,HOTSPOT_EXTREMO,17,3650,8.76077094784341,MEDIODIA,DIURNO,COLECTIVO,52.92945779228572,2,0.5292945779228572,HOTSPOT_EXTREMO_DIURNO,PRIORIDAD_MUY_ALTA
88c2e39945fffff,41188,27,99.61680176860722,HOTSPOT_EXTREMO,17,3547,8.611731572302613,MEDIODIA,DIURNO,TREN,62.01320773040692,2,0.6201320773040692,HOTSPOT_EXTREMO_DIURNO,PRIORIDAD_MUY_ALTA
88c2e3105bfffff,40786,28,99.60206337509211,HOTSPOT_EXTREMO,17,4633,11.35928995243466,MEDIODIA,DIURNO,COLECTIVO,58.806943559064386,2,0.5880694355906438,HOTSPOT_EXTREMO_DIURNO,PRIORIDAD_MUY_ALTA
88c2e311e1fffff,37776,29,99.58732498157701,HOTSPOT_EXTREMO,12,3528,9.339263024142312,MEDIODIA,DIURNO,COLECTIVO,77.82983905124948,2,0.7782983905124948,HOTSPOT_EXTREMO_DIURNO,PRIORIDAD_MUY_ALTA
88c2e31135fffff,37499,30,99.57258658806191,HOTSPOT_EXTREMO,17,5269,14.051041361102962,TARDE,VESPERTINO,COLECTIVO,62.26566041761114,2,0.6226566041761114,HOTSPOT_EXTREMO_VESPERTINO,PRIORIDAD_MUY_ALTA
88c2e389d3fffff,37486,31,99.55784819454679,HOTSPOT_EXTREMO,7,4137,11.036120151523235,MANANA,MATUTINO,COLECTIVO,100.0,1,1.0,HOTSPOT_EXTREMO_MATUTINO,PRIORIDAD_MUY_ALTA
88c2e30241fffff,36450,32,99.54310980103169,HOTSPOT_EXTREMO,17,3359,9.215363511659808,MEDIODIA,DIURNO,COLECTIVO,80.24142661179698,2,0.8024142661179698,HOTSPOT_EXTREMO_DIURNO,PRIORIDAD_MUY_ALTA
88c2e31095fffff,35838,33,99.52837140751657,HOTSPOT_EXTREMO,8,4056,11.317595847982588,MEDIODIA,DIURNO,SUBTE,39.15397064568335,3,0.3915397064568335,HOTSPOT_EXTREMO_DIURNO,PRIORIDAD_MUY_ALTA
88c2e2acd3fffff,35759,34,99.51363301400148,HOTSPOT_EXTREMO,13,3322,9.289968958863502,MEDIODIA,DIURNO,COLECTIVO,100.0,1,1.0,HOTSPOT_EXTREMO_DIURNO,PRIORIDAD_MUY_ALTA
88c2e311e3fffff,35368,35,99.49889462048637,HOTSPOT_EXTREMO,16,2978,8.420040714770414,MEDIODIA,DIURNO,COLECTIVO,71.1999547613662,2,0.711999547613662,HOTSPOT_EXTREMO_DIURNO,PRIORIDAD_MUY_ALTA
88c2e31131fffff,34898,36,99.48415622697127,HOTSPOT_EXTREMO,17,4358,12.487821651670583,TARDE,VESPERTINO,COLECTIVO,59.18390738724282,2,0.5918390738724282,HOTSPOT_EXTREMO_VESPERTINO,PRIORIDAD_MUY_ALTA
88c2e31addfffff,34100,37,99.46941783345615,HOTSPOT_EXTREMO,17,5189,15.217008797653959,TARDE,VESPERTINO,COLECTIVO,93.43695014662757,2,0.9343695014662756,HOTSPOT_EXTREMO_VESPERTINO,PRIORIDAD_MUY_ALTA
88c2e311e5fffff,33820,38,99.45467943994105,HOTSPOT_EXTREMO,16,3285,9.713187463039622,MEDIODIA,DIURNO,COLECTIVO,80.49379065641632,2,0.8049379065641632,HOTSPOT_EXTREMO_DIURNO,PRIORIDAD_MUY_ALTA
88c2e31139fffff,33425,39,99.43994104642594,HOTSPOT_EXTREMO,17,4502,13.468960359012716,MEDIODIA,DIURNO,COLECTIVO,64.5056095736724,2,0.6450560957367241,HOTSPOT_EXTREMO_DIURNO,PRIORIDAD_MUY_ALTA
88c2e39a95fffff,33121,40,99.42520265291084,HOTSPOT_EXTREMO,17,2777,8.384408683312703,MEDIODIA,DIURNO,TREN,69.56613628815556,2,0.6956613628815557,HOTSPOT_EXTREMO_DIURNO,PRIORIDAD_MUY_ALTA
88c2e311edfffff,32433,41,99.41046425939572,HOTSPOT_EXTREMO,16,2939,9.061758085900165,MEDIODIA,DIURNO,COLECTIVO,65.37168932877007,2,0.6537168932877008,HOTSPOT_EXTREMO_DIURNO,PRIORIDAD_MUY_ALTA
88c2e2ac99fffff,31695,42,99.39572586588062,HOTSPOT_EXTREMO,13,2822,8.903612557185676,MEDIODIA,DIURNO,TREN,54.11894620602619,2,0.5411894620602619,HOTSPOT_EXTREMO_DIURNO,PRIORIDAD_MUY_ALTA
88c2e38903fffff,30791,43,99.38098747236552,HOTSPOT_EXTREMO,17,2808,9.119547919846708,MEDIODIA,DIURNO,TREN,72.2029164366211,2,0.7220291643662109,HOTSPOT_EXTREMO_DIURNO,PRIORIDAD_MUY_ALTA
88c2e31acbfffff,30530,44,99.36624907885042,HOTSPOT_EXTREMO,17,4125,13.511300360301343,TARDE,VESPERTINO,COLECTIVO,59.63642319030462,2,0.5963642319030462,HOTSPOT_EXTREMO_VESPERTINO,PRIORIDAD_MUY_ALTA
88c2e3993dfffff,29884,45,99.3515106853353,HOTSPOT_EXTREMO,7,2930,9.804577700441708,MEDIODIA,DIURNO,TREN,76.61959577031188,2,0.7661959577031188,HOTSPOT_EXTREMO_DIURNO,PRIORIDAD_MUY_ALTA
88c2e3aa6dfffff,29695,46,99.3367722918202,HOTSPOT_EXTREMO,17,3352,11.288095638996463,MEDIODIA,DIURNO,COLECTIVO,100.0,1,1.0,HOTSPOT_EXTREMO_DIURNO,PRIORIDAD_MUY_ALTA
88c2e31181fffff,29476,47,99.32203389830508,HOTSPOT_EXTREMO,17,2563,8.695209662097977,MEDIODIA,DIURNO,COLECTIVO,75.64459221061203,2,0.7564459221061203,HOTSPOT_EXTREMO_DIURNO,PRIORIDAD_MUY_ALTA
88c2e3c0c3fffff,28802,48,99.30729550478998,HOTSPOT_EXTREMO,17,2480,8.610513158808416,MEDIODIA,DIURNO,TREN,52.70120130546489,2,0.527012013054649,HOTSPOT_EXTREMO_DIURNO,PRIORIDAD_MUY_ALTA
88c2e3173dfffff,28727,49,99.29255711127487,HOTSPOT_EXTREMO,17,2978,10.366554112855502,MEDIODIA,DIURNO,COLECTIVO,62.91293904688968,2,0.6291293904688968,HOTSPOT_EXTREMO_DIURNO,PRIORIDAD_MUY_ALTA
88c2e31195fffff,28446,50,99.27781871775977,HOTSPOT_EXTREMO,17,2413,8.482739225198623,MEDIODIA,DIURNO,COLECTIVO,100.0,1,1.0,HOTSPOT_EXTREMO_DIURNO,PRIORIDAD_MUY_ALTA
88c2e3a855fffff,28222,51,99.26308032424465,HOTSPOT_EXTREMO,17,2574,9.120544256253986,MEDIODIA,DIURNO,TREN,63.65601303947275,2,0.6365601303947275,HOTSPOT_EXTREMO_DIURNO,PRIORIDAD_MUY_ALTA
88c2e311dbfffff,27952,52,99.24834193072955,HOTSPOT_EXTREMO,17,2604,9.315970234688036,TARDE,VESPERTINO,COLECTIVO,43.0022896393818,3,0.430022896393818,HOTSPOT_EXTREMO_VESPERTINO,PRIORIDAD_MUY_ALTA
88c2e385b7fffff,27808,53,99.23360353721445,HOTSPOT_EXTREMO,18,2380,8.558688147295742,MEDIODIA,DIURNO,TREN,58.195483314154195,2,0.581954833141542,HOTSPOT_EXTREMO_DIURNO,PRIORIDAD_MUY_ALTA
88c2e30247fffff,27796,54,99.21886514369935,HOTSPOT_EXTREMO,17,3050,10.972801841991654,TARDE,VESPERTINO,COLECTIVO,55.61591595913081,2,0.5561591595913081,HOTSPOT_EXTREMO_VESPERTINO,PRIORIDAD_MUY_ALTA
88c2e3a943fffff,27723,55,99.20412675018423,HOTSPOT_EXTREMO,17,3100,11.182051004581034,TARDE,VESPERTINO,COLECTIVO,100.0,1,1.0,HOTSPOT_EXTREMO_VESPERTINO,PRIORIDAD_MUY_ALTA
88c2e315d5fffff,27680,56,99.18938835666913,HOTSPOT_EXTREMO,7,2583,9.33164739884393,MEDIODIA,DIURNO,COLECTIVO,52.71315028901734,2,0.5271315028901734,HOTSPOT_EXTREMO_DIURNO,PRIORIDAD_MUY_ALTA
88c2e31185fffff,27616,57,99.17464996315401,HOTSPOT_EXTREMO,17,2364,8.560254924681345,MEDIODIA,DIURNO,COLECTIVO,72.16830822711472,2,0.7216830822711472,HOTSPOT_EXTREMO_DIURNO,PRIORIDAD_MUY_ALTA
88c2e381d5fffff,27063,58,99.15991156963891,HOTSPOT_EXTREMO,17,2587,9.559176735764698,MEDIODIA,DIURNO,TREN,55.83268669401027,2,0.5583268669401027,HOTSPOT_EXTREMO_DIURNO,PRIORIDAD_MUY_ALTA
88c2e38e93fffff,27032,59,99.1451731761238,HOTSPOT_EXTREMO,7,2243,8.29757324652264,MEDIODIA,DIURNO,TREN,67.63095590411365,2,0.6763095590411364,HOTSPOT_EXTREMO_DIURNO,PRIORIDAD_MUY_ALTA
88c2e388adfffff,26545,60,99.1304347826087,HOTSPOT_EXTREMO,18,2431,9.15803352797137,MEDIODIA,DIURNO,COLECTIVO,100.0,1,1.0,HOTSPOT_EXTREMO_DIURNO,PRIORIDAD_MUY_ALTA
88c2e31057fffff,26230,61,99.11569638909359,HOTSPOT_EXTREMO,17,2613,9.961875714830347,MEDIODIA,DIURNO,COLECTIVO,80.50705299275639,2,0.8050705299275639,HOTSPOT_EXTREMO_DIURNO,PRIORIDAD_MUY_ALTA
88c2e3d4ebfffff,25945,62,99.10095799557848,HOTSPOT_EXTREMO,17,2469,9.516284447870495,MEDIODIA,DIURNO,COLECTIVO,59.70321834650222,2,0.5970321834650222,HOTSPOT_EXTREMO_DIURNO,PRIORIDAD_MUY_ALTA
88c2e30211fffff,25796,63,99.08621960206338,HOTSPOT_EXTREMO,16,2176,8.435416343619167,MEDIODIA,DIURNO,COLECTIVO,100.0,1,1.0,HOTSPOT_EXTREMO_DIURNO,PRIORIDAD_MUY_ALTA
88c2e311c5fffff,25311,64,99.07148120854828,HOTSPOT_EXTREMO,17,2570,10.153688119789814,MEDIODIA,DIURNO,COLECTIVO,59.51562561732053,2,0.5951562561732053,HOTSPOT_EXTREMO_DIURNO,PRIORIDAD_MUY_ALTA
88c2e3ab59fffff,25295,65,99.05674281503316,HOTSPOT_EXTREMO,6,2322,9.179679778612373,TARDE,VESPERTINO,TREN,69.87942281083218,2,0.6987942281083218,HOTSPOT_EXTREMO_VESPERTINO,PRIORIDAD_MUY_ALTA
88c2e311a9fffff,25169,66,99.04200442151806,HOTSPOT_EXTREMO,16,2319,9.213715284675592,MEDIODIA,DIURNO,COLECTIVO,77.7384878223211,2,0.777384878223211,HOTSPOT_EXTREMO_DIURNO,PRIORIDAD_MUY_ALTA
88c2e311c1fffff,24339,67,99.02726602800294,HOTSPOT_EXTREMO,17,1988,8.16796088582111,MEDIODIA,DIURNO,COLECTIVO,66.83512058835613,2,0.6683512058835613,HOTSPOT_EXTREMO_DIURNO,PRIORIDAD_MUY_ALTA
88c2e31ad9fffff,24338,68,99.01252763448784,HOTSPOT_EXTREMO,18,2603,10.69520913797354,TARDE,VESPERTINO,COLECTIVO,100.0,1,1.0,HOTSPOT_EXTREMO_VESPERTINO,PRIORIDAD_MUY_ALTA
88c2e31315fffff,23936,69,98.99778924097274,HOTSPOT_ALTO,7,2522,10.536430481283423,MANANA,MATUTINO,COLECTIVO,100.0,1,1.0,HOTSPOT_ALTO_MATUTINO,PRIORIDAD_ALTA
88c2e31117fffff,23775,70,98.98305084745763,HOTSPOT_ALTO,18,1838,7.7308096740273395,MEDIODIA,DIURNO,COLECTIVO,75.76866456361725,2,0.7576866456361725,HOTSPOT_ALTO_DIURNO,PRIORIDAD_ALTA
88c2e311d9fffff,23449,71,98.96831245394252,HOTSPOT_ALTO,18,2088,8.904430892575377,MEDIODIA,DIURNO,COLECTIVO,67.85363981406456,2,0.6785363981406456,HOTSPOT_ALTO_DIURNO,PRIORIDAD_ALTA
88c2e31137fffff,23170,72,98.95357406042741,HOTSPOT_ALTO,17,3809,16.43936124298662,TARDE,VESPERTINO,SUBTE,77.03064307293914,2,0.7703064307293914,HOTSPOT_ALTO_VESPERTINO,PRIORIDAD_ALTA
88c2e33745fffff,22992,73,98.93883566691231,HOTSPOT_ALTO,17,2261,9.833855254001392,MEDIODIA,DIURNO,COLECTIVO,99.84342379958247,2,0.9984342379958246,HOTSPOT_ALTO_DIURNO,PRIORIDAD_ALTA
88c2e31003fffff,22892,74,98.92409727339721,HOTSPOT_ALTO,7,2063,9.011881880132798,MEDIODIA,DIURNO,COLECTIVO,52.2191158483313,2,0.522191158483313,HOTSPOT_ALTO_DIURNO,PRIORIDAD_ALTA
88c2e3aecbfffff,22749,75,98.90935887988209,HOTSPOT_ALTO,7,2688,11.815903995780035,MANANA,MATUTINO,COLECTIVO,64.95670139346784,2,0.6495670139346784,HOTSPOT_ALTO_MATUTINO,PRIORIDAD_ALTA
88c2e314b1fffff,22728,76,98.89462048636699,HOTSPOT_ALTO,7,2199,9.675290390707497,MEDIODIA,DIURNO,COLECTIVO,100.0,1,1.0,HOTSPOT_ALTO_DIURNO,PRIORIDAD_ALTA
88c2e311cdfffff,22490,77,98.87988209285187,HOTSPOT_ALTO,17,1820,8.092485549132949,MEDIODIA,DIURNO,COLECTIVO,82.53445975989328,2,0.8253445975989329,HOTSPOT_ALTO_DIURNO,PRIORIDAD_ALTA
88c2e31065fffff,22431,78,98.86514369933678,HOTSPOT_ALTO,7,2697,12.023538852480941,MANANA,MATUTINO,COLECTIVO,53.78716954215149,2,0.5378716954215149,HOTSPOT_ALTO_MATUTINO,PRIORIDAD_ALTA
88c2e38d67fffff,22132,79,98.85040530582167,HOTSPOT_ALTO,7,2391,10.803361648292066,MANANA,MATUTINO,COLECTIVO,100.0,1,1.0,HOTSPOT_ALTO_MATUTINO,PRIORIDAD_ALTA
88c2e31707fffff,22074,80,98.83566691230656,HOTSPOT_ALTO,17,2170,9.83056990124128,MEDIODIA,DIURNO,COLECTIVO,100.0,1,1.0,HOTSPOT_ALTO_DIURNO,PRIORIDAD_ALTA
88c2e3ae6dfffff,21731,81,98.82092851879145,HOTSPOT_ALTO,18,2064,9.497952234135566,MEDIODIA,DIURNO,COLECTIVO,66.2325709815471,2,0.662325709815471,HOTSPOT_ALTO_DIURNO,PRIORIDAD_ALTA
88c2e315c5fffff,21635,82,98.80619012527634,HOTSPOT_ALTO,7,2557,11.818812110006933,MANANA,MATUTINO,COLECTIVO,52.29951467529466,2,0.5229951467529466,HOTSPOT_ALTO_MATUTINO,PRIORIDAD_ALTA
88c2e314d3fffff,21236,83,98.79145173176124,HOTSPOT_ALTO,7,2022,9.521567150122435,MEDIODIA,DIURNO,COLECTIVO,53.51290261819551,2,0.5351290261819551,HOTSPOT_ALTO_DIURNO,PRIORIDAD_ALTA
88c2e38eb1fffff,20831,84,98.77671333824614,HOTSPOT_ALTO,7,2068,9.927511881330709,MEDIODIA,DIURNO,TREN,71.35039124381932,2,0.7135039124381932,HOTSPOT_ALTO_DIURNO,PRIORIDAD_ALTA
88c2e3165bfffff,20756,85,98.76197494473102,HOTSPOT_ALTO,17,2023,9.7465793023704,MEDIODIA,DIURNO,TREN,50.56851031027173,2,0.5056851031027173,HOTSPOT_ALTO_DIURNO,PRIORIDAD_ALTA
88c2e06cd9fffff,20676,86,98.74723655121592,HOTSPOT_ALTO,7,1937,9.36834977751983,MEDIODIA,DIURNO,TREN,73.11859160379184,2,0.7311859160379184,HOTSPOT_ALTO_DIURNO,PRIORIDAD_ALTA
88c2e39907fffff,20645,87,98.7324981577008,HOTSPOT_ALTO,17,2314,11.208525066602084,MEDIODIA,DIURNO,COLECTIVO,100.0,1,1.0,HOTSPOT_ALTO_DIURNO,PRIORIDAD_ALTA
88c2e3ba19fffff,20176,88,98.71775976418571,HOTSPOT_ALTO,18,1722,8.534892942109437,TARDE,VESPERTINO,TREN,51.46213322759714,2,0.5146213322759714,HOTSPOT_ALTO_VESPERTINO,PRIORIDAD_ALTA
88c2e3d4a5fffff,20122,89,98.7030213706706,HOTSPOT_ALTO,12,2080,10.33694463770997,MEDIODIA,DIURNO,COLECTIVO,100.0,1,1.0,HOTSPOT_ALTO_DIURNO,PRIORIDAD_ALTA
88c2e311ebfffff,20055,90,98.6882829771555,HOTSPOT_ALTO,18,1580,7.87833457990526,MEDIODIA,DIURNO,COLECTIVO,79.9950137122912,2,0.799950137122912,HOTSPOT_ALTO_DIURNO,PRIORIDAD_ALTA
88c2e31467fffff,19980,91,98.67354458364038,HOTSPOT_ALTO,17,1841,9.214214214214214,MEDIODIA,DIURNO,COLECTIVO,64.12412412412412,2,0.6412412412412413,HOTSPOT_ALTO_DIURNO,PRIORIDAD_ALTA
88c2e311c9fffff,19878,92,98.65880619012528,HOTSPOT_ALTO,17,1642,8.260388369051212,MEDIODIA,DIURNO,COLECTIVO,70.25354663447027,2,0.7025354663447027,HOTSPOT_ALTO_DIURNO,PRIORIDAD_ALTA
88c2e311e9fffff,19774,93,98.64406779661017,HOTSPOT_ALTO,17,1976,9.992919995954283,MEDIODIA,DIURNO,COLECTIVO,70.11226863558207,2,0.7011226863558206,HOTSPOT_ALTO_DIURNO,PRIORIDAD_ALTA
88c2e3c429fffff,19752,94,98.62932940309507,HOTSPOT_ALTO,17,2073,10.495139732685297,MEDIODIA,DIURNO,TREN,60.53564196030782,2,0.6053564196030782,HOTSPOT_ALTO_DIURNO,PRIORIDAD_ALTA
88c2e380ddfffff,19674,95,98.61459100957995,HOTSPOT_ALTO,18,1710,8.69167429094236,MEDIODIA,DIURNO,TREN,66.34644708752668,2,0.6634644708752668,HOTSPOT_ALTO_DIURNO,PRIORIDAD_ALTA
88c2e3ab17fffff,19644,96,98.59985261606485,HOTSPOT_ALTO,18,1843,9.381999592750967,MEDIODIA,DIURNO,TREN,56.1087354917532,2,0.561087354917532,HOTSPOT_ALTO_DIURNO,PRIORIDAD_ALTA
88c2e31325fffff,19640,97,98.58511422254975,HOTSPOT_ALTO,17,2245,11.430753564154786,MEDIODIA,DIURNO,COLECTIVO,100.0,1,1.0,HOTSPOT_ALTO_DIURNO,PRIORIDAD_ALTA
88c2e38b23fffff,19165,98,98.57037582903465,HOTSPOT_ALTO,7,1702,8.88077224106444,MEDIODIA,DIURNO,TREN,52.35063918601618,2,0.5235063918601618,HOTSPOT_ALTO_DIURNO,PRIORIDAD_ALTA
88c2e311e7fffff,19156,99,98.55563743551953,HOTSPOT_ALTO,18,1772,9.250365420755898,MEDIODIA,DIURNO,COLECTIVO,100.0,1,1.0,HOTSPOT_ALTO_DIURNO,PRIORIDAD_ALTA
88c2e380ebfffff,19146,100,98.54089904200443,HOTSPOT_ALTO,6,1930,10.080434555520736,TARDE,VESPERTINO,COLECTIVO,51.20651833281104,2,0.5120651833281104,HOTSPOT_ALTO_VESPERTINO,PRIORIDAD_ALTA
