nodo_id,h3,instalaciones_250m,instalaciones_500m,instalaciones_1000m,intercambiadores_250m,intercambiadores_500m,intercambiadores_1000m,modos_250m,cantidad_modos_250m,ferrocarril_250m,subte_250m,autobus_250m,fluvial_250m,tranvia_250m,modos_500m,cantidad_modos_500m,ferrocarril_500m,subte_500m,autobus_500m,fluvial_500m,tranvia_500m,modos_1000m,cantidad_modos_1000m,ferrocarril_1000m,subte_1000m,autobus_1000m,fluvial_1000m,tranvia_1000m,densidad_instalaciones_250m,densidad_instalaciones_500m,densidad_instalaciones_1000m,instalaciones_500m_normalizadas,densidad_instalaciones_500m_normalizada,intercambiadores_500m_normalizados,diversidad_modal_500m_normalizada,modo_ferroviario_estructurante,modo_subterraneo_estructurante,modo_fluvial_estructurante,conectividad_modal_500m,soporte_fisico_preliminar,categoria_soporte_fisico,ranking_soporte_fisico,tipo_intermodalidad,score_intermodalidad,score_demanda,score_densidad,score_conectividad,score_alcance,score_integracion,ranking_centralidad,ranking_operaciones_validacion,ranking_centralidad_validacion,diferencia_ranking_abs,score_intermodalidad_500m,categoria_intermodalidad_500m,ranking_intermodalidad,demanda_base_23,indice_demanda_estructural,infraestructura_instalaciones,infraestructura_intercambiadores,infraestructura_diversidad_modal,indice_infraestructura_estructural,indice_intermodalidad_estructural,indice_conectividad_estructural,indice_integracion_territorial,indice_centralidad_estructural,indice_centralidad_estructural_robusto,ranking_centralidad_estructural,ranking_centralidad_estructural_robusto,categoria_centralidad_estructural,categoria_centralidad_estructural_robusta,brecha_demanda_infraestructura,deficit_infraestructura,diagnostico_demanda_infraestructura,prioridad_intervencion,ranking_prioridad_intervencion
6,4,145,223,408,7,9,17,AUTOBUS|FERROCARRIL|FLUVIAL,3,1,0,1,1,0,AUTOBUS|FERROCARRIL|FLUVIAL,3,1,0,1,1,0,AUTOBUS|FERROCARRIL|FLUVIAL|TRANVIA,4,1,0,1,1,1,738.4789359463944,283.9324184759413,129.8704335629866,0.05759297520661157,0.6647132504735409,0.41824639950663545,0.6,1,0,1,0.5454739198519907,49.59,SOPORTE_FISICO_MEDIO,2,INTERMODAL,100.0,99.30555555555556,95.83333333333334,95.83333333333334,95.48611111111111,50.34722222222222,1,2,1,1,85.0,INTERMODALIDAD_MUY_ALTA,3,99.30555555555556,99.30555555555556,65.5021,41.8246,60.0,54.9116,72.3312,83.941,79.7454,78.55,99.31,2,2,CENTRALIDAD_ESTRUCTURAL_ALTA,CENTRALIDAD_ESTRUCTURAL_MUY_ALTA,44.39,44.39,CENTRALIDAD_ESTRATEGICA,77.34,11
1,152,3439,3872,4337,214,245,279,AUTOBUS|FERROCARRIL|FLUVIAL|SUBTE|TRANVIA,5,1,1,1,1,1,AUTOBUS|FERROCARRIL|FLUVIAL|SUBTE|TRANVIA,5,1,1,1,1,1,AUTOBUS|FERROCARRIL|FLUVIAL|SUBTE|TRANVIA,5,1,1,1,1,1,17514.683177376897,4929.98351721455,1380.5099763791002,1.0,1.0,1.0,1.0,1,1,1,1.0,100.0,SOPORTE_FISICO_MUY_ALTO,1,INTERMODAL,100.0,100.0,81.94444444444444,100.0,100.0,50.34722222222222,2,1,2,1,100.0,INTERMODALIDAD_MUY_ALTA,1,100.0,100.0,100.0,100.0,100.0,100.0,98.1771,77.2569,75.1157,93.74,100.0,1,1,CENTRALIDAD_ESTRUCTURAL_MUY_ALTA,CENTRALIDAD_ESTRUCTURAL_MUY_ALTA,0.0,0.0,CENTRALIDAD_ESTRATEGICA,60.0,41
14,5,38,54,91,2,4,5,AUTOBUS|FERROCARRIL,2,1,0,1,0,0,AUTOBUS|FERROCARRIL,2,1,0,1,0,0,AUTOBUS|FERROCARRIL,2,1,0,1,0,0,193.53241079974472,68.75493541569878,28.966199642724952,0.013946280991735538,0.49921692756703323,0.2923416876766772,0.4,1,0,0,0.3677025063030031,34.99,SOPORTE_FISICO_BAJO,35,INTERMODAL,100.0,95.13888888888889,86.80555555555556,69.44444444444444,95.48611111111111,50.34722222222222,3,8,3,5,70.0,INTERMODALIDAD_MEDIA,16,95.13888888888889,95.13888888888889,48.5044,29.2342,40.0,38.9953,56.0238,74.2188,76.7361,68.3,98.61,3,3,CENTRALIDAD_ESTRUCTURAL_ALTA,CENTRALIDAD_ESTRUCTURAL_MUY_ALTA,56.14,56.14,DEFICIT_INFRAESTRUCTURAL,79.54,10
5,3,70,72,112,2,2,4,AUTOBUS|FERROCARRIL,2,1,0,1,0,0,AUTOBUS|FERROCARRIL,2,1,0,1,0,0,AUTOBUS|FERROCARRIL|FLUVIAL,3,1,0,1,1,0,356.50707252584556,91.67324722093171,35.65070725258456,0.01859504132231405,0.5326265294694258,0.19955424691458712,0.4,1,0,0,0.3398662740743761,33.91,SOPORTE_FISICO_BAJO,43,INTERMODAL,100.0,95.83333333333334,96.52777777777779,69.44444444444444,46.18055555555556,50.34722222222222,4,7,4,3,70.0,INTERMODALIDAD_MEDIA,16,95.83333333333334,95.83333333333334,51.9314,19.9554,40.0,37.2491,53.7041,59.9826,79.9769,65.8,96.53,6,6,CENTRALIDAD_ESTRUCTURAL_ALTA,CENTRALIDAD_ESTRUCTURAL_MUY_ALTA,58.58,58.58,DEFICIT_INFRAESTRUCTURAL,80.93,3
44,6,66,91,150,3,5,7,AUTOBUS|FERROCARRIL,2,1,0,1,0,0,AUTOBUS|FERROCARRIL,2,1,0,1,0,0,AUTOBUS|FERROCARRIL,2,1,0,1,0,0,336.13523981008296,115.86479857089981,47.7464829275686,0.02350206611570248,0.5599027673794839,0.3254589587445453,0.4,1,0,0,0.3776376876233636,38.09,SOPORTE_FISICO_BAJO,20,INTERMODAL,100.0,91.66666666666666,58.333333333333336,99.30555555555556,46.18055555555556,50.34722222222222,5,13,5,8,70.0,INTERMODALIDAD_MEDIA,16,91.66666666666666,91.66666666666666,54.7314,32.5459,40.0,42.6333,56.8518,68.8368,67.2454,66.58,97.92,4,4,CENTRALIDAD_ESTRUCTURAL_ALTA,CENTRALIDAD_ESTRUCTURAL_MUY_ALTA,49.03,49.03,DEFICIT_INFRAESTRUCTURAL,74.61,16
3,3,110,124,147,6,7,7,AUTOBUS|FERROCARRIL,2,1,0,1,0,0,AUTOBUS|FERROCARRIL,2,1,0,1,0,0,AUTOBUS|FERROCARRIL,2,1,0,1,0,0,560.2253996834716,157.88170354716019,46.79155326901723,0.03202479338842975,0.5960231500081437,0.3777141354898746,0.4,1,0,0,0.39331424064696235,40.78,SOPORTE_FISICO_MEDIO,15,MONOMODAL,50.0,97.91666666666666,97.22222222222221,95.83333333333334,46.18055555555556,50.34722222222222,6,4,6,2,70.0,INTERMODALIDAD_MEDIA,16,97.91666666666666,97.91666666666666,58.4415,37.7714,40.0,45.903,45.6581,62.934,63.5417,65.78,95.83,7,7,CENTRALIDAD_ESTRUCTURAL_ALTA,CENTRALIDAD_ESTRUCTURAL_MUY_ALTA,52.01,52.01,DEFICIT_INFRAESTRUCTURAL,79.55,9
13,2,53,58,62,2,2,2,AUTOBUS|FERROCARRIL,2,1,0,1,0,0,AUTOBUS|FERROCARRIL,2,1,0,1,0,0,AUTOBUS|FERROCARRIL,2,1,0,1,0,0,269.9267834838545,73.84789359463944,19.735212943395023,0.014979338842975207,0.5075042799813676,0.19955424691458712,0.4,1,0,0,0.3398662740743761,32.98,SOPORTE_FISICO_BAJO,47,INTERMODAL,100.0,87.5,92.36111111111111,69.44444444444444,46.18055555555556,50.34722222222222,7,19,7,12,70.0,INTERMODALIDAD_MEDIA,16,87.5,87.5,49.3542,19.9554,40.0,36.2076,53.7041,55.4688,78.588,62.22,89.58,16,16,CENTRALIDAD_ESTRUCTURAL_ALTA,CENTRALIDAD_ESTRUCTURAL_MUY_ALTA,51.29,51.29,DEFICIT_INFRAESTRUCTURAL,73.02,19
8,4,43,44,48,2,2,3,AUTOBUS|FERROCARRIL,2,1,0,1,0,0,AUTOBUS|FERROCARRIL,2,1,0,1,0,0,AUTOBUS|FERROCARRIL,2,1,0,1,0,0,218.997201694448,56.02253996834716,15.278874536821952,0.011363636363636364,0.4755153414270987,0.19955424691458712,0.4,1,0,0,0.3398662740743761,31.8,SOPORTE_FISICO_BAJO,54,MONOMODAL,50.0,93.75,88.88888888888889,95.83333333333334,46.18055555555556,50.34722222222222,8,10,8,2,70.0,INTERMODALIDAD_MEDIA,16,93.75,93.75,46.0755,19.9554,40.0,34.8831,41.2041,62.2396,60.7639,60.5,86.11,21,21,CENTRALIDAD_ESTRUCTURAL_ALTA,CENTRALIDAD_ESTRUCTURAL_MUY_ALTA,58.87,58.87,DEFICIT_INFRAESTRUCTURAL,79.8,7
11,3,45,47,59,1,1,1,AUTOBUS|FERROCARRIL,2,1,0,1,0,0,AUTOBUS|FERROCARRIL,2,1,0,1,0,0,AUTOBUS|FERROCARRIL,2,1,0,1,0,0,229.1831180523293,59.84225860255265,18.78028328484365,0.012138429752066115,0.4831403823338039,0.12590471182995822,0.4,1,0,0,0.3177714135489874,30.24,SOPORTE_FISICO_BAJO,66,MONOMODAL,50.0,93.05555555555556,89.58333333333334,95.83333333333334,46.18055555555556,50.34722222222222,9,11,9,2,70.0,INTERMODALIDAD_MEDIA,16,93.05555555555556,93.05555555555556,46.8567,12.5905,40.0,32.713,39.3629,63.2813,60.9954,59.56,82.64,26,26,CENTRALIDAD_ESTRUCTURAL_MEDIA,CENTRALIDAD_ESTRUCTURAL_MUY_ALTA,60.34,60.34,DEFICIT_INFRAESTRUCTURAL,79.97,6
17,9,81,101,148,0,0,0,AUTOBUS|FERROCARRIL,2,1,0,1,0,0,AUTOBUS|FERROCARRIL,2,1,0,1,0,0,AUTOBUS|FERROCARRIL,2,1,0,1,0,0,412.52961249419275,128.59719401825143,47.10986315520102,0.026084710743801653,0.5720643411019338,0.0,0.4,1,0,0,0.27999999999999997,30.41,SOPORTE_FISICO_BAJO,65,INTERMODAL,100.0,96.52777777777779,66.66666666666666,69.44444444444444,46.18055555555556,50.34722222222222,10,6,10,4,65.0,INTERMODALIDAD_MEDIA,104,96.52777777777779,96.52777777777779,55.9803,0.0,40.0,32.1546,40.1215,58.5938,70.0231,60.81,87.5,19,19,CENTRALIDAD_ESTRUCTURAL_ALTA,CENTRALIDAD_ESTRUCTURAL_MUY_ALTA,64.37,64.37,DEFICIT_INFRAESTRUCTURAL,83.66,1
19,3,40,43,74,1,1,2,AUTOBUS|FERROCARRIL,2,1,0,1,0,0,AUTOBUS|FERROCARRIL,2,1,0,1,0,0,AUTOBUS|FERROCARRIL,2,1,0,1,0,0,203.71832715762605,54.749300423612,23.55493157760051,0.011105371900826446,0.47285969214745543,0.12590471182995822,0.4,1,0,0,0.3177714135489874,29.86,SOPORTE_FISICO_BAJO,68,INTERMODAL,100.0,86.80555555555556,72.91666666666666,69.44444444444444,46.18055555555556,50.34722222222222,11,20,11,9,70.0,INTERMODALIDAD_MEDIA,16,86.80555555555556,86.80555555555556,45.8035,12.5905,40.0,32.2874,51.8629,62.7604,72.1065,61.11,88.19,18,18,CENTRALIDAD_ESTRUCTURAL_ALTA,CENTRALIDAD_ESTRUCTURAL_MUY_ALTA,54.52,54.52,DEFICIT_INFRAESTRUCTURAL,73.89,18
7,2,62,76,118,2,2,4,AUTOBUS|FERROCARRIL,2,1,0,1,0,0,AUTOBUS|FERROCARRIL,2,1,0,1,0,0,AUTOBUS|FERROCARRIL,2,1,0,1,0,0,315.76340709432037,96.76620539987236,37.5605665696873,0.01962809917355372,0.5389181072043098,0.19955424691458712,0.4,1,0,0,0.3398662740743761,34.15,SOPORTE_FISICO_BAJO,42,MONOMODAL,50.0,98.61111111111111,98.61111111111111,69.44444444444444,46.18055555555556,50.34722222222222,12,3,12,9,70.0,INTERMODALIDAD_MEDIA,16,98.61111111111111,98.61111111111111,52.5771,19.9554,40.0,37.5111,41.2041,59.809,64.0046,62.57,90.97,14,14,CENTRALIDAD_ESTRUCTURAL_ALTA,CENTRALIDAD_ESTRUCTURAL_MUY_ALTA,61.1,61.1,DEFICIT_INFRAESTRUCTURAL,83.61,2
2,1,79,120,174,2,4,7,AUTOBUS|FERROCARRIL,2,1,0,1,0,0,AUTOBUS|FERROCARRIL,2,1,0,1,0,0,AUTOBUS|FERROCARRIL,2,1,0,1,0,0,402.34369613631145,152.78874536821954,55.38592019597958,0.030991735537190084,0.5921916882107421,0.2923416876766772,0.4,1,0,0,0.3677025063030031,38.5,SOPORTE_FISICO_BAJO,19,MONOMODAL,50.0,97.22222222222221,100.0,69.44444444444444,46.18055555555556,50.34722222222222,13,5,13,8,70.0,INTERMODALIDAD_MEDIA,16,97.22222222222221,97.22222222222221,58.0479,29.2342,40.0,42.862,43.5238,58.2465,64.4676,63.77,93.06,11,11,CENTRALIDAD_ESTRUCTURAL_ALTA,CENTRALIDAD_ESTRUCTURAL_MUY_ALTA,54.36,54.36,DEFICIT_INFRAESTRUCTURAL,80.08,5
39,2,12,13,33,0,0,1,AUTOBUS,1,0,0,1,0,0,AUTOBUS,1,0,0,1,0,0,AUTOBUS|FERROCARRIL,2,1,0,1,0,0,61.11549814728781,16.552114081557114,10.504226244065093,0.0033574380165289257,0.3369487741528316,0.0,0.2,0,0,0,0.13999999999999999,16.84,SOPORTE_FISICO_MUY_BAJO,123,MONOMODAL,50.0,78.47222222222221,65.97222222222221,95.83333333333334,95.48611111111111,50.34722222222222,14,32,14,18,40.0,INTERMODALIDAD_BAJA,115,78.47222222222221,78.47222222222221,31.9429,0.0,20.0,17.706,19.8438,67.6215,53.125,47.39,56.6,63,63,CENTRALIDAD_ESTRUCTURAL_MEDIA,CENTRALIDAD_ESTRUCTURAL_MEDIA,60.77,60.77,DEFICIT_INFRAESTRUCTURAL,71.39,22
4,1,72,85,125,1,1,2,AUTOBUS|FERROCARRIL,2,1,0,1,0,0,AUTOBUS|FERROCARRIL,2,1,0,1,0,0,AUTOBUS|FERROCARRIL,2,1,0,1,0,0,366.69298888372685,108.22536130248884,39.78873577297384,0.021952479338842975,0.5519523874234499,0.12590471182995822,0.4,1,0,0,0.3177714135489874,32.8,SOPORTE_FISICO_BAJO,50,MONOMODAL,50.0,94.44444444444444,99.30555555555556,69.44444444444444,46.18055555555556,50.34722222222222,15,9,15,6,70.0,INTERMODALIDAD_MEDIA,16,94.44444444444444,94.44444444444444,53.9151,12.5905,40.0,35.5674,39.3629,58.7674,64.2361,60.34,84.72,23,23,CENTRALIDAD_ESTRUCTURAL_ALTA,CENTRALIDAD_ESTRUCTURAL_MUY_ALTA,58.88,58.88,DEFICIT_INFRAESTRUCTURAL,80.22,4
9,1,52,79,168,3,5,11,AUTOBUS|FERROCARRIL,2,1,0,1,0,0,AUTOBUS|FERROCARRIL,2,1,0,1,0,0,AUTOBUS|FERROCARRIL|TRANVIA,3,1,0,1,0,1,264.83382530491383,100.58592403407786,53.47606087887684,0.020402892561983473,0.5434253034113294,0.3254589587445453,0.4,1,0,0,0.3776376876233636,37.46,SOPORTE_FISICO_BAJO,23,MONOMODAL,50.0,88.88888888888889,97.91666666666666,69.44444444444444,46.18055555555556,50.34722222222222,16,17,16,1,70.0,INTERMODALIDAD_MEDIA,16,88.88888888888889,88.88888888888889,53.0397,32.5459,40.0,41.9467,44.3518,70.0521,63.7731,62.91,91.67,13,13,CENTRALIDAD_ESTRUCTURAL_ALTA,CENTRALIDAD_ESTRUCTURAL_MUY_ALTA,46.94,46.94,DEFICIT_INFRAESTRUCTURAL,72.11,20
12,2,52,57,64,0,2,2,AUTOBUS,1,0,0,1,0,0,AUTOBUS|FERROCARRIL,2,1,0,1,0,0,AUTOBUS|FERROCARRIL,2,1,0,1,0,0,264.83382530491383,72.57465404990428,20.371832715762604,0.014721074380165289,0.5054865469479658,0.19955424691458712,0.4,1,0,0,0.3398662740743761,32.9,SOPORTE_FISICO_BAJO,48,MONOMODAL,50.0,90.27777777777779,94.44444444444444,69.44444444444444,46.18055555555556,50.34722222222222,17,15,17,2,70.0,INTERMODALIDAD_MEDIA,16,90.27777777777779,90.27777777777779,49.1473,19.9554,40.0,36.1232,41.2041,55.9896,62.6157,59.01,81.25,28,28,CENTRALIDAD_ESTRUCTURAL_MEDIA,CENTRALIDAD_ESTRUCTURAL_MUY_ALTA,54.15,54.15,DEFICIT_INFRAESTRUCTURAL,75.83,13
63,3,220,281,302,1,2,5,AUTOBUS|FERROCARRIL,2,1,0,1,0,0,AUTOBUS|FERROCARRIL|FLUVIAL,3,1,0,1,1,0,AUTOBUS|FERROCARRIL|FLUVIAL,3,1,0,1,1,0,1120.450799366943,357.78031207058075,96.12958562750478,0.07257231404958678,0.6918154816838336,0.19955424691458712,0.6,1,0,1,0.4798662740743761,45.29,SOPORTE_FISICO_MEDIO,5,INTERMODAL,100.0,81.94444444444444,55.55555555555556,69.44444444444444,46.18055555555556,50.34722222222222,18,27,18,9,85.0,INTERMODALIDAD_MUY_ALTA,3,81.94444444444444,81.94444444444444,68.2892,19.9554,60.0,48.6813,66.8639,55.816,66.3194,65.13,95.14,8,8,CENTRALIDAD_ESTRUCTURAL_ALTA,CENTRALIDAD_ESTRUCTURAL_MUY_ALTA,33.26,33.26,DEFICIT_INFRAESTRUCTURAL,62.47,35
54,3,91,141,277,6,9,18,AUTOBUS|FERROCARRIL,2,1,0,1,0,0,AUTOBUS|FERROCARRIL,2,1,0,1,0,0,AUTOBUS|FERROCARRIL,2,1,0,1,0,0,463.45919428359923,179.52677580765794,88.17183847291003,0.036415289256198344,0.611043116456841,0.41824639950663545,0.4,1,0,0,0.4054739198519906,42.39,SOPORTE_FISICO_MEDIO,12,INTERMODAL,100.0,81.25,54.861111111111114,69.44444444444444,46.18055555555556,50.34722222222222,19,28,19,9,70.0,INTERMODALIDAD_MEDIA,16,81.25,81.25,59.9849,41.8246,40.0,47.9006,59.1714,67.4479,66.088,64.91,94.44,9,9,CENTRALIDAD_ESTRUCTURAL_ALTA,CENTRALIDAD_ESTRUCTURAL_MUY_ALTA,33.35,33.35,DEFICIT_INFRAESTRUCTURAL,62.09,36
72,3,97,179,351,2,4,15,AUTOBUS|FERROCARRIL,2,1,0,1,0,0,AUTOBUS|FERROCARRIL,2,1,0,1,0,0,AUTOBUS|FERROCARRIL|TRANVIA,3,1,0,1,0,1,494.0169433572431,227.90987850759413,111.72677005051052,0.046229338842975205,0.6389675043971355,0.2923416876766772,0.4,1,0,0,0.3677025063030031,40.37,SOPORTE_FISICO_MEDIO,16,MONOMODAL,50.0,73.61111111111111,46.52777777777778,95.83333333333334,99.30555555555556,50.34722222222222,20,39,20,19,70.0,INTERMODALIDAD_MEDIA,16,73.61111111111111,73.61111111111111,62.8551,29.2342,40.0,44.8251,43.5238,87.1528,46.6435,59.73,83.33,25,25,CENTRALIDAD_ESTRUCTURAL_MEDIA,CENTRALIDAD_ESTRUCTURAL_MUY_ALTA,28.79,28.79,DEFICIT_INFRAESTRUCTURAL,55.68,47
10,2,16,19,27,2,2,2,AUTOBUS|FERROCARRIL,2,1,0,1,0,0,AUTOBUS|FERROCARRIL,2,1,0,1,0,0,AUTOBUS|FERROCARRIL,2,1,0,1,0,0,81.48733086305042,24.19155134996809,8.594366926962348,0.00490702479338843,0.3794422222409767,0.19955424691458712,0.4,1,0,0,0.3398662740743761,28.34,SOPORTE_FISICO_BAJO,77,INTERMODAL,100.0,89.58333333333334,95.13888888888889,23.26388888888889,46.18055555555556,50.34722222222222,21,16,21,5,70.0,INTERMODALIDAD_MEDIA,16,89.58333333333334,89.58333333333334,36.2601,19.9554,40.0,30.9287,53.7041,45.6597,79.5139,60.15,84.03,24,24,CENTRALIDAD_ESTRUCTURAL_ALTA,CENTRALIDAD_ESTRUCTURAL_MUY_ALTA,58.65,58.65,DEFICIT_INFRAESTRUCTURAL,77.21,12
16,4,78,93,139,3,4,9,AUTOBUS|FERROCARRIL,2,1,0,1,0,0,AUTOBUS|FERROCARRIL,2,1,0,1,0,0,AUTOBUS|FERROCARRIL,2,1,0,1,0,0,397.25073795737075,118.41127766037013,44.245074179546904,0.024018595041322314,0.5624377792314506,0.2923416876766772,0.4,1,0,0,0.3677025063030031,37.35,SOPORTE_FISICO_BAJO,25,MONOMODAL,50.0,92.36111111111111,76.38888888888889,69.44444444444444,46.18055555555556,50.34722222222222,22,12,22,10,70.0,INTERMODALIDAD_MEDIA,16,92.36111111111111,92.36111111111111,54.9917,29.2342,40.0,41.6198,43.5238,58.941,56.5972,61.32,88.89,17,17,CENTRALIDAD_ESTRUCTURAL_ALTA,CENTRALIDAD_ESTRUCTURAL_MUY_ALTA,50.74,50.74,DEFICIT_INFRAESTRUCTURAL,75.71,14
22,3,128,185,293,4,10,18,AUTOBUS|FERROCARRIL,2,1,0,1,0,0,AUTOBUS|FERROCARRIL,2,1,0,1,0,0,AUTOBUS|FERROCARRIL,2,1,0,1,0,0,651.8986469044033,235.5493157760051,93.26479665185067,0.04777892561983471,0.6428281645235828,0.43555874103997483,0.4,1,0,0,0.4106676223119924,44.1,SOPORTE_FISICO_MEDIO,9,MONOMODAL,50.0,88.19444444444444,77.08333333333334,69.44444444444444,46.18055555555556,50.34722222222222,23,18,23,5,70.0,INTERMODALIDAD_MEDIA,16,88.19444444444444,88.19444444444444,63.252,43.5559,40.0,49.82,47.1042,60.5035,56.8287,63.09,92.36,12,12,CENTRALIDAD_ESTRUCTURAL_ALTA,CENTRALIDAD_ESTRUCTURAL_MUY_ALTA,38.37,38.37,DEFICIT_INFRAESTRUCTURAL,68.26,26
41,2,18,26,39,2,3,4,AUTOBUS|FERROCARRIL,2,1,0,1,0,0,AUTOBUS|FERROCARRIL,2,1,0,1,0,0,AUTOBUS|FERROCARRIL,2,1,0,1,0,0,91.67324722093171,33.10422816311423,12.414085561167836,0.006714876033057851,0.41506520603744346,0.25180942365991643,0.4,1,0,0,0.3555428270979749,30.92,SOPORTE_FISICO_BAJO,61,INTERMODAL,100.0,71.52777777777779,59.02777777777778,69.44444444444444,46.18055555555556,50.34722222222222,24,42,24,18,70.0,INTERMODALIDAD_MEDIA,16,71.52777777777779,71.52777777777779,39.8926,25.1809,40.0,34.1547,55.0105,58.4201,67.4769,56.51,79.17,31,31,CENTRALIDAD_ESTRUCTURAL_MEDIA,CENTRALIDAD_ESTRUCTURAL_ALTA,37.37,37.37,DEFICIT_INFRAESTRUCTURAL,57.86,44
32,2,54,107,209,2,7,12,AUTOBUS|FERROCARRIL,2,1,0,1,0,0,AUTOBUS|FERROCARRIL|TRANVIA,3,1,0,1,0,1,AUTOBUS|FERROCARRIL|FLUVIAL|TRANVIA,4,1,0,1,1,1,275.0197416627951,136.2366312866624,66.52676621241226,0.02763429752066116,0.578800029727839,0.3777141354898746,0.6,1,0,0,0.5333142406469623,45.12,SOPORTE_FISICO_MEDIO,6,MONOMODAL,50.0,76.38888888888889,63.888888888888886,69.44444444444444,95.48611111111111,50.34722222222222,25,35,25,10,85.0,INTERMODALIDAD_MUY_ALTA,3,76.38888888888889,76.38888888888889,56.6722,37.7714,60.0,49.9347,58.8179,79.4271,52.4306,64.32,93.75,10,10,CENTRALIDAD_ESTRUCTURAL_ALTA,CENTRALIDAD_ESTRUCTURAL_MUY_ALTA,26.45,26.45,DEFICIT_INFRAESTRUCTURAL,56.41,45
20,2,2,3,7,0,0,0,AUTOBUS|FERROCARRIL,2,1,0,1,0,0,AUTOBUS|FERROCARRIL,2,1,0,1,0,0,AUTOBUS|FERROCARRIL,2,1,0,1,0,0,10.185916357881302,3.819718634205488,2.228169203286535,0.0007747933884297521,0.18495368961100384,0.0,0.4,1,0,0,0.27999999999999997,16.49,SOPORTE_FISICO_MUY_BAJO,126,INTERMODAL,100.0,86.11111111111111,87.5,23.26388888888889,46.18055555555556,50.34722222222222,26,21,26,5,58.0,INTERMODALIDAD_MEDIA,114,86.11111111111111,86.11111111111111,16.7796,0.0,40.0,16.3464,38.6458,51.6493,76.9676,53.09,73.61,39,39,CENTRALIDAD_ESTRUCTURAL_MEDIA,CENTRALIDAD_ESTRUCTURAL_ALTA,69.76,69.76,DEFICIT_INFRAESTRUCTURAL,79.57,8
49,5,114,166,269,6,6,11,AUTOBUS|FERROCARRIL|TRANVIA,3,1,0,1,0,1,AUTOBUS|FERROCARRIL|TRANVIA,3,1,0,1,0,1,AUTOBUS|FERROCARRIL|TRANVIA,3,1,0,1,0,1,580.5972323992343,211.35776442603702,85.6253593834397,0.042871900826446284,0.630140811547512,0.3534592124660774,0.6,1,0,0,0.5260377637398232,46.53,SOPORTE_FISICO_MEDIO,4,MONOMODAL,50.0,90.97222222222221,65.27777777777779,69.44444444444444,46.18055555555556,50.34722222222222,27,14,27,13,85.0,INTERMODALIDAD_MUY_ALTA,3,90.97222222222221,90.97222222222221,61.9478,35.3459,60.0,51.265,58.2115,60.8507,52.8935,66.17,97.22,5,5,CENTRALIDAD_ESTRUCTURAL_ALTA,CENTRALIDAD_ESTRUCTURAL_MUY_ALTA,39.71,39.71,CENTRALIDAD_ESTRATEGICA,70.47,24
15,2,5,6,6,2,2,2,AUTOBUS|FERROCARRIL,2,1,0,1,0,0,AUTOBUS|FERROCARRIL,2,1,0,1,0,0,AUTOBUS|FERROCARRIL,2,1,0,1,0,0,25.464790894703256,7.639437268410976,1.909859317102744,0.0015495867768595042,0.25358849344279244,0.19955424691458712,0.4,1,0,0,0.3398662740743761,23.89,SOPORTE_FISICO_BAJO,100,INTERMODAL,100.0,85.41666666666666,86.11111111111111,23.26388888888889,46.18055555555556,50.34722222222222,28,22,28,6,66.0,INTERMODALIDAD_MEDIA,102,85.41666666666666,85.41666666666666,23.5531,19.9554,40.0,25.8137,45.6312,43.0556,76.5046,55.31,77.78,33,33,CENTRALIDAD_ESTRUCTURAL_MEDIA,CENTRALIDAD_ESTRUCTURAL_ALTA,59.6,59.6,DEFICIT_INFRAESTRUCTURAL,75.09,15
25,1,11,14,27,1,1,5,AUTOBUS|FERROCARRIL,2,1,0,1,0,0,AUTOBUS|FERROCARRIL,2,1,0,1,0,0,AUTOBUS|FERROCARRIL|FLUVIAL,3,1,0,1,1,0,56.02253996834716,17.82535362629228,8.594366926962348,0.003615702479338843,0.34518442464383275,0.12590471182995822,0.4,1,0,0,0.3177714135489874,25.28,SOPORTE_FISICO_BAJO,95,MONOMODAL,50.0,75.0,90.97222222222221,69.44444444444444,46.18055555555556,50.34722222222222,29,37,29,8,70.0,INTERMODALIDAD_MEDIA,16,75.0,75.0,32.778,12.5905,40.0,27.0415,39.3629,64.4965,61.4583,52.95,72.92,40,40,CENTRALIDAD_ESTRUCTURAL_MEDIA,CENTRALIDAD_ESTRUCTURAL_ALTA,47.96,47.96,DEFICIT_INFRAESTRUCTURAL,64.18,32
30,3,38,40,42,1,1,1,AUTOBUS|FERROCARRIL,2,1,0,1,0,0,AUTOBUS|FERROCARRIL,2,1,0,1,0,0,AUTOBUS|FERROCARRIL,2,1,0,1,0,0,193.53241079974472,50.92958178940651,13.36901521971921,0.010330578512396695,0.4645127786483475,0.12590471182995822,0.4,1,0,0,0.3177714135489874,29.56,SOPORTE_FISICO_BAJO,71,MONOMODAL,50.0,84.72222222222221,68.05555555555556,69.44444444444444,46.18055555555556,50.34722222222222,30,23,30,7,70.0,INTERMODALIDAD_MEDIA,16,84.72222222222221,84.72222222222221,44.9488,12.5905,40.0,31.9432,39.3629,54.9479,53.8194,54.9,77.08,34,34,CENTRALIDAD_ESTRUCTURAL_MEDIA,CENTRALIDAD_ESTRUCTURAL_ALTA,52.78,52.78,DEFICIT_INFRAESTRUCTURAL,71.95,21
46,2,34,54,100,2,2,4,AUTOBUS|FERROCARRIL,2,1,0,1,0,0,AUTOBUS|FERROCARRIL,2,1,0,1,0,0,AUTOBUS|FERROCARRIL,2,1,0,1,0,0,173.16057808398213,68.75493541569878,31.830988618379067,0.013946280991735538,0.49921692756703323,0.19955424691458712,0.4,1,0,0,0.3398662740743761,32.67,SOPORTE_FISICO_BAJO,51,MONOMODAL,50.0,82.63888888888889,71.52777777777779,69.44444444444444,46.18055555555556,50.34722222222222,31,26,31,5,70.0,INTERMODALIDAD_MEDIA,16,82.63888888888889,82.63888888888889,48.5044,19.9554,40.0,35.8637,41.2041,64.8438,54.9769,57.22,80.56,29,29,CENTRALIDAD_ESTRUCTURAL_MEDIA,CENTRALIDAD_ESTRUCTURAL_MUY_ALTA,46.78,46.78,DEFICIT_INFRAESTRUCTURAL,68.3,25
18,2,28,38,65,0,0,0,AUTOBUS,1,0,0,1,0,0,AUTOBUS,1,0,0,1,0,0,AUTOBUS|FERROCARRIL,2,1,0,1,0,0,142.60282901033824,48.38310269993618,20.690142601946395,0.00981404958677686,0.45859974178108265,0.0,0.2,0,0,0,0.13999999999999999,21.2,SOPORTE_FISICO_BAJO,108,INTERMODAL,100.0,83.33333333333334,77.77777777777779,23.26388888888889,46.18055555555556,50.34722222222222,32,25,32,7,40.0,INTERMODALIDAD_BAJA,115,83.33333333333334,83.33333333333334,44.3435,0.0,20.0,22.7002,32.3438,25.7812,73.7269,48.38,59.72,59,59,CENTRALIDAD_ESTRUCTURAL_MEDIA,CENTRALIDAD_ESTRUCTURAL_MEDIA,60.63,60.63,DEFICIT_INFRAESTRUCTURAL,74.25,17
31,1,7,9,18,0,1,1,AUTOBUS,1,0,0,1,0,0,AUTOBUS|FERROCARRIL,2,1,0,1,0,0,AUTOBUS|FERROCARRIL,2,1,0,1,0,0,35.65070725258456,11.459155902616464,5.729577951308232,0.0023243801652892563,0.29664455240180393,0.12590471182995822,0.4,1,0,0,0.3177714135489874,23.57,SOPORTE_FISICO_BAJO,101,MONOMODAL,50.0,69.44444444444444,84.72222222222221,69.44444444444444,46.18055555555556,50.34722222222222,33,45,33,12,69.0,INTERMODALIDAD_MEDIA,97,69.44444444444444,69.44444444444444,27.8703,12.5905,40.0,25.0673,32.158,64.4965,59.375,49.14,61.81,56,56,CENTRALIDAD_ESTRUCTURAL_MEDIA,CENTRALIDAD_ESTRUCTURAL_ALTA,44.38,44.38,DEFICIT_INFRAESTRUCTURAL,59.42,42
26,3,53,79,124,3,4,6,AUTOBUS|FERROCARRIL,2,1,0,1,0,0,AUTOBUS|FERROCARRIL,2,1,0,1,0,0,AUTOBUS|FERROCARRIL,2,1,0,1,0,0,269.9267834838545,100.58592403407786,39.470425886790046,0.020402892561983473,0.5434253034113294,0.2923416876766772,0.4,1,0,0,0.3677025063030031,36.63,SOPORTE_FISICO_BAJO,27,INTERMODAL,100.0,84.02777777777779,61.80555555555556,23.26388888888889,46.18055555555556,50.34722222222222,34,24,34,10,70.0,INTERMODALIDAD_MEDIA,16,84.02777777777779,84.02777777777779,53.0397,29.2342,40.0,40.8286,56.0238,48.7847,68.4028,60.78,86.81,20,20,CENTRALIDAD_ESTRUCTURAL_ALTA,CENTRALIDAD_ESTRUCTURAL_MUY_ALTA,43.2,43.2,DEFICIT_INFRAESTRUCTURAL,67.7,27
42,2,29,42,64,1,1,2,AUTOBUS|FERROCARRIL,2,1,0,1,0,0,AUTOBUS|FERROCARRIL,2,1,0,1,0,0,AUTOBUS|FERROCARRIL,2,1,0,1,0,0,147.6957871892789,53.47606087887684,20.371832715762604,0.01084710743801653,0.47014268538970894,0.12590471182995822,0.4,1,0,0,0.3177714135489874,29.77,SOPORTE_FISICO_BAJO,69,INTERMODAL,100.0,79.86111111111111,69.44444444444444,23.26388888888889,46.18055555555556,50.34722222222222,35,30,35,5,70.0,INTERMODALIDAD_MEDIA,16,79.86111111111111,79.86111111111111,45.5253,12.5905,40.0,32.1765,51.8629,47.5694,70.9491,56.61,79.86,30,30,CENTRALIDAD_ESTRUCTURAL_MEDIA,CENTRALIDAD_ESTRUCTURAL_ALTA,47.68,47.68,DEFICIT_INFRAESTRUCTURAL,66.99,28
34,1,10,19,41,0,1,5,AUTOBUS,1,0,0,1,0,0,AUTOBUS|FERROCARRIL,2,1,0,1,0,0,AUTOBUS|FERROCARRIL|FLUVIAL,3,1,0,1,1,0,50.92958178940651,24.19155134996809,13.050705333535419,0.00490702479338843,0.3794422222409767,0.12590471182995822,0.4,1,0,0,0.3177714135489874,26.5,SOPORTE_FISICO_BAJO,86,MONOMODAL,50.0,66.66666666666666,83.33333333333334,69.44444444444444,46.18055555555556,50.34722222222222,36,49,36,13,70.0,INTERMODALIDAD_MEDIA,16,66.66666666666666,66.66666666666666,36.2601,12.5905,40.0,28.4432,39.3629,69.6181,58.912,51.32,68.06,47,47,CENTRALIDAD_ESTRUCTURAL_MEDIA,CENTRALIDAD_ESTRUCTURAL_ALTA,38.22,38.22,DEFICIT_INFRAESTRUCTURAL,55.29,49
55,2,69,117,251,2,5,8,AUTOBUS|FERROCARRIL,2,1,0,1,0,0,AUTOBUS|FERROCARRIL,2,1,0,1,0,0,AUTOBUS|FERROCARRIL,2,1,0,1,0,0,351.4141143469049,148.96902673401405,79.89578143213146,0.03021694214876033,0.5892338822407044,0.3254589587445453,0.4,1,0,0,0.3776376876233636,39.21,SOPORTE_FISICO_BAJO,17,MONOMODAL,50.0,64.58333333333334,51.388888888888886,95.83333333333334,46.18055555555556,50.34722222222222,37,52,37,15,70.0,INTERMODALIDAD_MEDIA,16,64.58333333333334,64.58333333333334,57.744,32.5459,40.0,43.8557,44.3518,76.9965,48.2639,55.59,78.47,32,32,CENTRALIDAD_ESTRUCTURAL_MEDIA,CENTRALIDAD_ESTRUCTURAL_ALTA,20.73,20.73,DEFICIT_INFRAESTRUCTURAL,47.04,60
65,2,22,30,58,0,0,0,AUTOBUS,1,0,0,1,0,0,AUTOBUS,1,0,0,1,0,0,AUTOBUS,1,0,0,1,0,0,112.04507993669432,38.197186342054884,18.46197339865986,0.007747933884297521,0.4314334042643508,0.0,0.2,0,0,0,0.13999999999999999,20.22,SOPORTE_FISICO_BAJO,110,MONOMODAL,50.0,60.416666666666664,50.0,69.44444444444444,95.48611111111111,50.34722222222222,38,58,38,20,40.0,INTERMODALIDAD_BAJA,115,60.416666666666664,60.416666666666664,41.5647,0.0,20.0,21.5807,19.8438,53.2118,47.8009,40.25,38.89,89,89,CENTRALIDAD_ESTRUCTURAL_MEDIA,CENTRALIDAD_ESTRUCTURAL_BAJA,38.84,38.84,DEFICIT_INFRAESTRUCTURAL,51.79,52
77,2,22,34,59,3,5,9,AUTOBUS|FERROCARRIL,2,1,0,1,0,0,AUTOBUS|FERROCARRIL,2,1,0,1,0,0,AUTOBUS|FERROCARRIL,2,1,0,1,0,0,112.04507993669432,43.29014452099553,18.78028328484365,0.00878099173553719,0.4457992744134685,0.3254589587445453,0.4,1,0,0,0.3776376876233636,33.87,SOPORTE_FISICO_BAJO,44,INTERMODAL,100.0,54.166666666666664,43.75,69.44444444444444,46.18055555555556,50.34722222222222,39,67,39,28,70.0,INTERMODALIDAD_MEDIA,16,54.166666666666664,54.166666666666664,43.0337,32.5459,40.0,37.906,56.8518,62.934,62.3843,52.78,72.22,41,41,CENTRALIDAD_ESTRUCTURAL_MEDIA,CENTRALIDAD_ESTRUCTURAL_ALTA,16.26,16.26,DEFICIT_INFRAESTRUCTURAL,39.0,69
67,3,74,118,211,6,11,17,AUTOBUS|FERROCARRIL,2,1,0,1,0,0,AUTOBUS|FERROCARRIL,2,1,0,1,0,0,AUTOBUS|FERROCARRIL|FLUVIAL,3,1,0,1,1,0,376.87890524160815,150.2422662787492,67.16338598477984,0.030475206611570247,0.5902281063005388,0.45136367057450355,0.4,1,0,0,0.415409101172351,42.4,SOPORTE_FISICO_MEDIO,11,INTERMODAL,100.0,80.55555555555556,50.69444444444444,23.26388888888889,46.18055555555556,50.34722222222222,40,29,40,11,70.0,INTERMODALIDAD_MEDIA,16,80.55555555555556,80.55555555555556,57.8461,45.1364,40.0,48.1471,59.9994,52.2569,64.6991,62.51,90.28,15,15,CENTRALIDAD_ESTRUCTURAL_ALTA,CENTRALIDAD_ESTRUCTURAL_MUY_ALTA,32.41,32.41,DEFICIT_INFRAESTRUCTURAL,61.3,39
50,2,27,35,47,0,0,3,AUTOBUS,1,0,0,1,0,0,AUTOBUS,1,0,0,1,0,0,AUTOBUS|FERROCARRIL,2,1,0,1,0,0,137.50987083139756,44.563384065730695,14.960564650638162,0.009039256198347107,0.44913236307384297,0.0,0.2,0,0,0,0.13999999999999999,20.86,SOPORTE_FISICO_BAJO,109,MONOMODAL,50.0,70.83333333333334,56.94444444444444,69.44444444444444,46.18055555555556,50.34722222222222,41,43,41,2,40.0,INTERMODALIDAD_BAJA,115,70.83333333333334,70.83333333333334,43.3746,0.0,20.0,22.3101,19.8438,31.8576,50.1157,40.59,40.28,87,87,CENTRALIDAD_ESTRUCTURAL_MEDIA,CENTRALIDAD_ESTRUCTURAL_MEDIA,48.52,48.52,DEFICIT_INFRAESTRUCTURAL,61.91,37
47,2,7,8,22,1,1,1,AUTOBUS|FERROCARRIL,2,1,0,1,0,0,AUTOBUS|FERROCARRIL,2,1,0,1,0,0,AUTOBUS|FERROCARRIL,2,1,0,1,0,0,35.65070725258456,10.185916357881302,7.002817496043395,0.002066115702479339,0.28396708285127487,0.12590471182995822,0.4,1,0,0,0.3177714135489874,23.12,SOPORTE_FISICO_BAJO,103,INTERMODAL,100.0,74.30555555555556,61.111111111111114,23.26388888888889,46.18055555555556,50.34722222222222,42,38,42,4,68.0,INTERMODALIDAD_MEDIA,99,74.30555555555556,74.30555555555556,26.595,12.5905,40.0,24.5534,44.3976,62.934,68.1713,53.57,75.0,37,37,CENTRALIDAD_ESTRUCTURAL_MEDIA,CENTRALIDAD_ESTRUCTURAL_ALTA,49.75,49.75,DEFICIT_INFRAESTRUCTURAL,64.48,30
21,1,13,20,35,0,2,3,AUTOBUS,1,0,0,1,0,0,AUTOBUS|FERROCARRIL,2,1,0,1,0,0,AUTOBUS|FERROCARRIL,2,1,0,1,0,0,66.20845632622846,25.464790894703256,11.140846016432674,0.005165289256198347,0.3852407435141075,0.19955424691458712,0.4,1,0,0,0.3398662740743761,28.55,SOPORTE_FISICO_BAJO,76,MONOMODAL,50.0,79.16666666666666,93.75,23.26388888888889,46.18055555555556,50.34722222222222,43,31,43,12,70.0,INTERMODALIDAD_MEDIA,16,79.16666666666666,79.16666666666666,36.8507,19.9554,40.0,31.1669,41.2041,50.7812,62.3843,53.64,75.69,36,36,CENTRALIDAD_ESTRUCTURAL_MEDIA,CENTRALIDAD_ESTRUCTURAL_ALTA,48.0,48.0,DEFICIT_INFRAESTRUCTURAL,66.7,29
23,1,6,9,15,0,0,0,AUTOBUS,1,0,0,1,0,0,AUTOBUS,1,0,0,1,0,0,AUTOBUS|FERROCARRIL,2,1,0,1,0,0,30.557749073643905,11.459155902616464,4.7746482927568605,0.0023243801652892563,0.29664455240180393,0.0,0.2,0,0,0,0.13999999999999999,15.42,SOPORTE_FISICO_MUY_BAJO,129,MONOMODAL,50.0,77.77777777777779,93.05555555555556,23.26388888888889,46.18055555555556,50.34722222222222,44,33,44,11,39.0,INTERMODALIDAD_BAJA,129,77.77777777777779,77.77777777777779,27.8703,0.0,20.0,16.0676,18.3681,22.8299,62.1528,40.66,40.97,86,86,CENTRALIDAD_ESTRUCTURAL_MEDIA,CENTRALIDAD_ESTRUCTURAL_MEDIA,61.71,61.71,DEFICIT_INFRAESTRUCTURAL,71.35,23
98,3,34,60,126,1,4,7,AUTOBUS|FERROCARRIL,2,1,0,1,0,0,AUTOBUS|FERROCARRIL,2,1,0,1,0,0,AUTOBUS|FERROCARRIL,2,1,0,1,0,0,173.16057808398213,76.39437268410977,40.10704565915763,0.015495867768595042,0.5114387677034817,0.2923416876766772,0.4,1,0,0,0.3677025063030031,35.44,SOPORTE_FISICO_BAJO,34,MONOMODAL,50.0,61.80555555555556,27.083333333333332,69.44444444444444,95.48611111111111,50.34722222222222,45,56,45,11,70.0,INTERMODALIDAD_MEDIA,16,61.80555555555556,61.80555555555556,49.7577,29.2342,40.0,39.5014,43.5238,82.2049,40.162,53.47,74.31,38,38,CENTRALIDAD_ESTRUCTURAL_MEDIA,CENTRALIDAD_ESTRUCTURAL_ALTA,22.3,22.3,DEFICIT_INFRAESTRUCTURAL,46.0,63
24,1,15,17,25,1,2,4,AUTOBUS|FERROCARRIL,2,1,0,1,0,0,AUTOBUS|FERROCARRIL,2,1,0,1,0,0,AUTOBUS|FERROCARRIL,2,1,0,1,0,0,76.39437268410977,21.645072260497766,7.957747154594767,0.004390495867768595,0.36690985424200945,0.19955424691458712,0.4,1,0,0,0.3398662740743761,27.9,SOPORTE_FISICO_BAJO,79,MONOMODAL,50.0,75.69444444444444,91.66666666666666,23.26388888888889,46.18055555555556,50.34722222222222,46,36,46,10,70.0,INTERMODALIDAD_MEDIA,16,75.69444444444444,75.69444444444444,34.9848,19.9554,40.0,30.4163,41.2041,45.8333,61.6898,51.6,68.75,46,46,CENTRALIDAD_ESTRUCTURAL_MEDIA,CENTRALIDAD_ESTRUCTURAL_ALTA,45.28,45.28,DEFICIT_INFRAESTRUCTURAL,63.53,33
91,2,47,65,126,4,4,11,AUTOBUS|FERROCARRIL,2,1,0,1,0,0,AUTOBUS|FERROCARRIL,2,1,0,1,0,0,AUTOBUS|FERROCARRIL,2,1,0,1,0,0,239.3690344102106,82.76057040778558,40.10704565915763,0.016787190082644628,0.5207349657811249,0.2923416876766772,0.4,1,0,0,0.3677025063030031,35.79,SOPORTE_FISICO_BAJO,32,MONOMODAL,50.0,52.083333333333336,37.5,95.83333333333334,46.18055555555556,50.34722222222222,47,70,47,23,70.0,INTERMODALIDAD_MEDIA,16,52.083333333333336,52.083333333333336,50.7113,29.2342,40.0,39.8877,43.5238,73.0903,43.6343,49.63,63.19,54,54,CENTRALIDAD_ESTRUCTURAL_MEDIA,CENTRALIDAD_ESTRUCTURAL_ALTA,12.2,12.2,DEFICIT_INFRAESTRUCTURAL,36.13,77
27,1,41,56,87,1,2,3,AUTOBUS|FERROCARRIL,2,1,0,1,0,0,AUTOBUS|FERROCARRIL,2,1,0,1,0,0,AUTOBUS|FERROCARRIL,2,1,0,1,0,0,208.8112853365667,71.30141450516912,27.69296009798979,0.014462809917355372,0.503433589674143,0.19955424691458712,0.4,1,0,0,0.3398662740743761,32.83,SOPORTE_FISICO_BAJO,49,MONOMODAL,50.0,72.91666666666666,90.27777777777779,23.26388888888889,46.18055555555556,50.34722222222222,48,40,48,8,70.0,INTERMODALIDAD_MEDIA,16,72.91666666666666,72.91666666666666,48.9368,19.9554,40.0,36.039,41.2041,48.0903,61.2269,52.46,70.83,43,43,CENTRALIDAD_ESTRUCTURAL_MEDIA,CENTRALIDAD_ESTRUCTURAL_ALTA,36.88,36.88,DEFICIT_INFRAESTRUCTURAL,58.5,43
57,1,22,35,59,1,1,2,AUTOBUS|FERROCARRIL,2,1,0,1,0,0,AUTOBUS|FERROCARRIL,2,1,0,1,0,0,AUTOBUS|FERROCARRIL|FLUVIAL,3,1,0,1,1,0,112.04507993669432,44.563384065730695,18.78028328484365,0.009039256198347107,0.44913236307384297,0.12590471182995822,0.4,1,0,0,0.3177714135489874,29.0,SOPORTE_FISICO_BAJO,74,MONOMODAL,50.0,50.69444444444444,70.13888888888889,69.44444444444444,46.18055555555556,50.34722222222222,49,72,49,23,70.0,INTERMODALIDAD_MEDIA,16,50.69444444444444,50.69444444444444,43.3746,12.5905,40.0,31.3083,39.3629,61.7188,54.5139,45.62,53.47,68,68,CENTRALIDAD_ESTRUCTURAL_MEDIA,CENTRALIDAD_ESTRUCTURAL_MEDIA,19.39,19.39,DEFICIT_INFRAESTRUCTURAL,38.17,71
58,2,22,32,54,0,1,5,AUTOBUS,1,0,0,1,0,0,AUTOBUS|FERROCARRIL,2,1,0,1,0,0,AUTOBUS|FERROCARRIL,2,1,0,1,0,0,112.04507993669432,40.74366543152521,17.188733853924695,0.008264462809917356,0.43883556491653486,0.12590471182995822,0.4,1,0,0,0.3177714135489874,28.63,SOPORTE_FISICO_BAJO,75,INTERMODAL,100.0,65.27777777777779,52.083333333333336,23.26388888888889,46.18055555555556,50.34722222222222,50,51,50,1,70.0,INTERMODALIDAD_MEDIA,16,65.27777777777779,65.27777777777779,42.3215,12.5905,40.0,30.8842,51.8629,50.0,65.162,51.69,69.44,45,45,CENTRALIDAD_ESTRUCTURAL_MEDIA,CENTRALIDAD_ESTRUCTURAL_ALTA,34.39,34.39,DEFICIT_INFRAESTRUCTURAL,52.92,51
28,1,21,21,23,0,0,0,AUTOBUS,1,0,0,1,0,0,AUTOBUS,1,0,0,1,0,0,AUTOBUS,1,0,0,1,0,0,106.95212175775367,26.73803043943842,7.321127382227186,0.005423553719008265,0.39076674425743785,0.0,0.2,0,0,0,0.13999999999999999,18.76,SOPORTE_FISICO_MUY_BAJO,118,MONOMODAL,50.0,72.22222222222221,88.19444444444444,23.26388888888889,46.18055555555556,50.34722222222222,51,41,51,10,40.0,INTERMODALIDAD_BAJA,115,72.22222222222221,72.22222222222221,37.4137,0.0,20.0,19.9088,19.8438,18.5764,60.5324,39.45,36.81,92,92,CENTRALIDAD_ESTRUCTURAL_BAJA,CENTRALIDAD_ESTRUCTURAL_BAJA,52.31,52.31,DEFICIT_INFRAESTRUCTURAL,64.26,31
76,3,65,90,160,4,4,9,AUTOBUS|FERROCARRIL|TRANVIA,3,1,0,1,0,1,AUTOBUS|FERROCARRIL|FLUVIAL|TRANVIA,4,1,0,1,1,1,AUTOBUS|FERROCARRIL|FLUVIAL|TRANVIA,4,1,0,1,1,1,331.0422816311423,114.59155902616465,50.92958178940651,0.02324380165289256,0.5586144708196605,0.2923416876766772,0.8,1,0,1,0.6477025063030031,47.21,SOPORTE_FISICO_MEDIO,3,MONOMODAL,50.0,68.05555555555556,34.72222222222222,69.44444444444444,46.18055555555556,50.34722222222222,52,47,52,5,100.0,INTERMODALIDAD_MUY_ALTA,1,68.05555555555556,68.05555555555556,54.5991,29.2342,80.0,50.9614,62.9856,63.4549,42.7083,59.54,81.94,27,27,CENTRALIDAD_ESTRUCTURAL_MEDIA,CENTRALIDAD_ESTRUCTURAL_MUY_ALTA,17.09,17.09,CENTRALIDAD_ESTRATEGICA,47.67,58
74,2,53,77,170,4,6,9,AUTOBUS|FERROCARRIL,2,1,0,1,0,0,AUTOBUS|FERROCARRIL,2,1,0,1,0,0,AUTOBUS|FERROCARRIL,2,1,0,1,0,0,269.9267834838545,98.03944494460752,54.11268065124442,0.019886363636363636,0.5404397805333023,0.3534592124660774,0.4,1,0,0,0.3860377637398232,38.05,SOPORTE_FISICO_BAJO,21,MONOMODAL,50.0,58.333333333333336,48.61111111111111,69.44444444444444,46.18055555555556,50.34722222222222,53,61,53,8,70.0,INTERMODALIDAD_MEDIA,16,58.333333333333336,58.333333333333336,52.7333,35.3459,40.0,42.7679,45.0518,71.0938,47.338,52.6,71.53,42,42,CENTRALIDAD_ESTRUCTURAL_MEDIA,CENTRALIDAD_ESTRUCTURAL_ALTA,15.57,15.57,DEFICIT_INFRAESTRUCTURAL,41.23,68
29,1,3,3,3,1,1,1,AUTOBUS|FERROCARRIL,2,1,0,1,0,0,AUTOBUS|FERROCARRIL,2,1,0,1,0,0,AUTOBUS|FERROCARRIL,2,1,0,1,0,0,15.278874536821952,3.819718634205488,0.954929658551372,0.0007747933884297521,0.18495368961100384,0.12590471182995822,0.4,1,0,0,0.3177714135489874,19.63,SOPORTE_FISICO_MUY_BAJO,113,MONOMODAL,50.0,70.13888888888889,85.41666666666666,23.26388888888889,46.18055555555556,50.34722222222222,54,44,54,10,63.0,INTERMODALIDAD_MEDIA,108,70.13888888888889,70.13888888888889,16.7796,12.5905,40.0,20.5945,30.1615,42.8819,59.6065,44.62,52.08,70,70,CENTRALIDAD_ESTRUCTURAL_MEDIA,CENTRALIDAD_ESTRUCTURAL_MEDIA,49.54,49.54,DEFICIT_INFRAESTRUCTURAL,61.9,38
61,2,53,84,170,7,9,14,AUTOBUS|FERROCARRIL|FLUVIAL,3,1,0,1,1,0,AUTOBUS|FERROCARRIL|FLUVIAL,3,1,0,1,1,0,AUTOBUS|FERROCARRIL|FLUVIAL,3,1,0,1,1,0,269.9267834838545,106.95212175775367,54.11268065124442,0.02169421487603306,0.5505734545902551,0.41824639950663545,0.6,1,0,1,0.5454739198519907,45.05,SOPORTE_FISICO_MEDIO,7,MONOMODAL,50.0,68.75,54.166666666666664,23.26388888888889,95.48611111111111,50.34722222222222,55,46,55,9,85.0,INTERMODALIDAD_MUY_ALTA,3,68.75,68.75,53.7735,41.8246,60.0,50.1256,59.8312,69.184,49.1898,60.42,85.42,22,22,CENTRALIDAD_ESTRUCTURAL_ALTA,CENTRALIDAD_ESTRUCTURAL_MUY_ALTA,18.62,18.62,CENTRALIDAD_ESTRATEGICA,48.7,55
64,1,7,11,19,0,1,2,AUTOBUS,1,0,0,1,0,0,AUTOBUS|FERROCARRIL,2,1,0,1,0,0,AUTOBUS|FERROCARRIL,2,1,0,1,0,0,35.65070725258456,14.00563499208679,6.047887837492023,0.002840909090909091,0.3185149047398846,0.12590471182995822,0.4,1,0,0,0.3177714135489874,24.34,SOPORTE_FISICO_BAJO,98,MONOMODAL,50.0,47.22222222222222,63.19444444444444,69.44444444444444,46.18055555555556,50.34722222222222,56,77,56,21,70.0,INTERMODALIDAD_MEDIA,16,47.22222222222222,47.22222222222222,30.0771,12.5905,40.0,25.9551,39.3629,60.6771,52.1991,42.85,47.92,76,76,CENTRALIDAD_ESTRUCTURAL_MEDIA,CENTRALIDAD_ESTRUCTURAL_MEDIA,21.27,21.27,CENTRALIDAD_SECUNDARIA,36.84,74
33,1,16,16,17,1,1,2,AUTOBUS|FERROCARRIL,2,1,0,1,0,0,AUTOBUS|FERROCARRIL,2,1,0,1,0,0,AUTOBUS|FERROCARRIL,2,1,0,1,0,0,81.48733086305042,20.371832715762604,5.411268065124442,0.004132231404958678,0.360104439427627,0.12590471182995822,0.4,1,0,0,0.3177714135489874,25.81,SOPORTE_FISICO_BAJO,90,MONOMODAL,50.0,67.36111111111111,84.02777777777779,23.26388888888889,46.18055555555556,50.34722222222222,57,48,57,9,70.0,INTERMODALIDAD_MEDIA,16,67.36111111111111,67.36111111111111,34.293,12.5905,40.0,27.6512,39.3629,43.2292,59.1435,47.39,56.6,63,63,CENTRALIDAD_ESTRUCTURAL_MEDIA,CENTRALIDAD_ESTRUCTURAL_MEDIA,39.71,39.71,DEFICIT_INFRAESTRUCTURAL,56.3,46
71,2,19,28,74,1,2,3,AUTOBUS|FERROCARRIL,2,1,0,1,0,0,AUTOBUS|FERROCARRIL,2,1,0,1,0,0,AUTOBUS|FERROCARRIL|FLUVIAL,3,1,0,1,1,0,96.76620539987236,35.65070725258456,23.55493157760051,0.007231404958677686,0.42353384867647964,0.19955424691458712,0.4,1,0,0,0.3398662740743761,29.92,SOPORTE_FISICO_BAJO,67,MONOMODAL,50.0,55.55555555555556,45.83333333333333,69.44444444444444,46.18055555555556,50.34722222222222,58,65,58,7,70.0,INTERMODALIDAD_MEDIA,16,55.55555555555556,55.55555555555556,40.7575,19.9554,40.0,32.7397,41.2041,75.434,46.412,49.05,61.11,57,57,CENTRALIDAD_ESTRUCTURAL_MEDIA,CENTRALIDAD_ESTRUCTURAL_ALTA,22.82,22.82,DEFICIT_INFRAESTRUCTURAL,42.46,66
35,1,7,10,21,1,2,3,AUTOBUS|FERROCARRIL,2,1,0,1,0,0,AUTOBUS|FERROCARRIL,2,1,0,1,0,0,AUTOBUS|FERROCARRIL,2,1,0,1,0,0,35.65070725258456,12.732395447351628,6.684507609859605,0.0025826446280991736,0.30808740138835516,0.19955424691458712,0.4,1,0,0,0.3398662740743761,25.81,SOPORTE_FISICO_BAJO,90,MONOMODAL,50.0,65.97222222222221,82.63888888888889,23.26388888888889,46.18055555555556,50.34722222222222,59,50,59,9,70.0,INTERMODALIDAD_MEDIA,16,65.97222222222221,65.97222222222221,29.0239,19.9554,40.0,28.0165,41.2041,54.9479,58.6806,49.15,62.5,55,55,CENTRALIDAD_ESTRUCTURAL_MEDIA,CENTRALIDAD_ESTRUCTURAL_ALTA,37.96,37.96,DEFICIT_INFRAESTRUCTURAL,54.77,50
68,1,23,27,42,0,0,2,AUTOBUS,1,0,0,1,0,0,AUTOBUS,1,0,0,1,0,0,AUTOBUS|FERROCARRIL|FLUVIAL,3,1,0,1,1,0,117.13803811563497,34.37746770784939,13.36901521971921,0.006973140495867769,0.41937574069677763,0.0,0.2,0,0,0,0.13999999999999999,19.78,SOPORTE_FISICO_MUY_BAJO,112,MONOMODAL,50.0,45.13888888888889,60.416666666666664,69.44444444444444,46.18055555555556,50.34722222222222,60,80,60,20,40.0,INTERMODALIDAD_BAJA,115,45.13888888888889,45.13888888888889,40.3327,0.0,20.0,21.0835,19.8438,34.375,51.2731,33.06,22.92,112,112,CENTRALIDAD_ESTRUCTURAL_BAJA,CENTRALIDAD_ESTRUCTURAL_BAJA,24.06,24.06,CENTRALIDAD_SECUNDARIA,36.71,76
69,1,13,19,37,1,1,1,AUTOBUS|FERROCARRIL|FLUVIAL,3,1,0,1,1,0,AUTOBUS|FERROCARRIL|FLUVIAL,3,1,0,1,1,0,AUTOBUS|FERROCARRIL|FLUVIAL,3,1,0,1,1,0,66.20845632622846,24.19155134996809,11.777465788800255,0.00490702479338843,0.3794422222409767,0.12590471182995822,0.6,1,0,1,0.4577714135489874,31.5,SOPORTE_FISICO_BAJO,59,MONOMODAL,50.0,44.44444444444444,59.72222222222222,69.44444444444444,46.18055555555556,50.34722222222222,61,81,61,20,85.0,INTERMODALIDAD_MUY_ALTA,3,44.44444444444444,44.44444444444444,36.2601,12.5905,60.0,33.1932,52.5226,65.7118,51.0417,47.1,54.86,66,66,CENTRALIDAD_ESTRUCTURAL_MEDIA,CENTRALIDAD_ESTRUCTURAL_MEDIA,11.25,11.25,CENTRALIDAD_SECUNDARIA,31.17,81
36,1,35,44,82,1,2,4,AUTOBUS|FERROCARRIL,2,1,0,1,0,0,AUTOBUS|FERROCARRIL,2,1,0,1,0,0,AUTOBUS|FERROCARRIL,2,1,0,1,0,0,178.25353626292278,56.02253996834716,26.101410667070837,0.011363636363636364,0.4755153414270987,0.19955424691458712,0.4,1,0,0,0.3398662740743761,31.8,SOPORTE_FISICO_BAJO,54,MONOMODAL,50.0,63.888888888888886,81.25,23.26388888888889,46.18055555555556,50.34722222222222,62,53,62,9,70.0,INTERMODALIDAD_MEDIA,16,63.888888888888886,63.888888888888886,46.0755,19.9554,40.0,34.8831,41.2041,53.6458,58.2176,50.0,65.28,51,51,CENTRALIDAD_ESTRUCTURAL_MEDIA,CENTRALIDAD_ESTRUCTURAL_ALTA,29.01,29.01,DEFICIT_INFRAESTRUCTURAL,49.94,54
81,2,17,17,32,0,0,0,AUTOBUS,1,0,0,1,0,0,AUTOBUS,1,0,0,1,0,0,AUTOBUS,1,0,0,1,0,0,86.58028904199107,21.645072260497766,10.185916357881302,0.004390495867768595,0.36690985424200945,0.0,0.2,0,0,0,0.13999999999999999,17.91,SOPORTE_FISICO_MUY_BAJO,122,MONOMODAL,50.0,52.77777777777778,41.66666666666667,69.44444444444444,46.18055555555556,50.34722222222222,63,69,63,6,40.0,INTERMODALIDAD_BAJA,115,52.77777777777778,52.77777777777778,34.9848,0.0,20.0,18.9312,19.8438,38.9757,45.0231,34.88,27.78,105,105,CENTRALIDAD_ESTRUCTURAL_BAJA,CENTRALIDAD_ESTRUCTURAL_BAJA,33.85,33.85,DEFICIT_INFRAESTRUCTURAL,45.21,64
37,1,35,49,77,3,4,8,AUTOBUS|FERROCARRIL,2,1,0,1,0,0,AUTOBUS|FERROCARRIL,2,1,0,1,0,0,AUTOBUS|FERROCARRIL,2,1,0,1,0,0,178.25353626292278,62.38873769202297,24.50986123615188,0.01265495867768595,0.48796223344540923,0.2923416876766772,0.4,1,0,0,0.3677025063030031,34.58,SOPORTE_FISICO_BAJO,39,MONOMODAL,50.0,63.19444444444444,80.55555555555556,23.26388888888889,46.18055555555556,50.34722222222222,64,54,64,10,70.0,INTERMODALIDAD_MEDIA,16,63.19444444444444,63.19444444444444,47.3508,29.2342,40.0,38.53,43.5238,48.6111,57.9861,50.39,66.67,49,49,CENTRALIDAD_ESTRUCTURAL_MEDIA,CENTRALIDAD_ESTRUCTURAL_ALTA,24.66,24.66,DEFICIT_INFRAESTRUCTURAL,47.78,57
73,1,38,62,138,5,7,15,AUTOBUS|FERROCARRIL,2,1,0,1,0,0,AUTOBUS|FERROCARRIL,2,1,0,1,0,0,AUTOBUS|FERROCARRIL,2,1,0,1,0,0,193.53241079974472,78.94085177358009,43.926764293363114,0.016012396694214875,0.515245873014789,0.3777141354898746,0.4,1,0,0,0.39331424064696235,37.72,SOPORTE_FISICO_BAJO,22,MONOMODAL,50.0,43.75,57.638888888888886,69.44444444444444,46.18055555555556,50.34722222222222,65,82,65,17,70.0,INTERMODALIDAD_MEDIA,16,43.75,43.75,50.1482,37.7714,40.0,42.5413,45.6581,71.2674,50.3472,48.62,60.42,58,58,CENTRALIDAD_ESTRUCTURAL_MEDIA,CENTRALIDAD_ESTRUCTURAL_ALTA,1.21,1.21,CENTRALIDAD_SECUNDARIA,26.73,88
38,1,0,0,0,0,0,0,,0,0,0,0,0,0,,0,0,0,0,0,0,,0,0,0,0,0,0,0.0,0.0,0.0,0.0,0.0,0.0,0.0,0,0,0,0.0,0.0,SOPORTE_FISICO_MUY_BAJO,143,MONOMODAL,50.0,62.5,79.86111111111111,23.26388888888889,46.18055555555556,50.34722222222222,66,55,66,11,0.0,SIN_INFRAESTRUCTURA_500M,143,62.5,62.5,0.0,0.0,0.0,0.0,11.0243,17.5347,57.7546,29.36,15.62,122,122,CENTRALIDAD_ESTRUCTURAL_BAJA,CENTRALIDAD_ESTRUCTURAL_MUY_BAJA,62.5,62.5,DEFICIT_INFRAESTRUCTURAL,62.5,34
40,1,18,33,76,1,3,4,AUTOBUS|FERROCARRIL,2,1,0,1,0,0,AUTOBUS|FERROCARRIL,2,1,0,1,0,0,AUTOBUS|FERROCARRIL,2,1,0,1,0,0,91.67324722093171,42.01690497626037,24.19155134996809,0.008522727272727272,0.44236895617989846,0.25180942365991643,0.4,1,0,0,0.3555428270979749,31.91,SOPORTE_FISICO_BAJO,53,MONOMODAL,50.0,61.111111111111114,79.16666666666666,23.26388888888889,46.18055555555556,50.34722222222222,67,57,67,10,70.0,INTERMODALIDAD_MEDIA,16,61.111111111111114,61.111111111111114,42.6828,25.1809,40.0,35.2798,42.5105,60.5903,57.5231,50.5,67.36,48,48,CENTRALIDAD_ESTRUCTURAL_MEDIA,CENTRALIDAD_ESTRUCTURAL_ALTA,25.83,25.83,DEFICIT_INFRAESTRUCTURAL,47.0,61
43,1,0,2,11,0,0,0,,0,0,0,0,0,0,AUTOBUS,1,0,0,1,0,0,AUTOBUS,1,0,0,1,0,0,0.0,2.5464790894703255,3.5014087480216975,0.0005165289256198347,0.14887822809865903,0.0,0.2,0,0,0,0.13999999999999999,10.22,SOPORTE_FISICO_MUY_BAJO,142,MONOMODAL,50.0,59.72222222222222,78.47222222222221,23.26388888888889,46.18055555555556,50.34722222222222,68,59,68,9,32.0,INTERMODALIDAD_BAJA,142,59.72222222222222,59.72222222222222,13.2975,0.0,20.0,10.1871,16.2847,41.8403,57.2917,35.73,30.56,101,101,CENTRALIDAD_ESTRUCTURAL_BAJA,CENTRALIDAD_ESTRUCTURAL_BAJA,49.54,49.54,DEFICIT_INFRAESTRUCTURAL,55.65,48
70,2,57,86,172,0,2,10,AUTOBUS|FERROCARRIL,2,1,0,1,0,0,AUTOBUS|FERROCARRIL,2,1,0,1,0,0,AUTOBUS|FERROCARRIL|TRANVIA,3,1,0,1,0,1,290.29861619961713,109.498600847224,54.749300423612,0.02221074380165289,0.5533153388285809,0.19955424691458712,0.4,1,0,0,0.3398662740743761,34.69,SOPORTE_FISICO_BAJO,38,MONOMODAL,50.0,57.638888888888886,47.22222222222222,23.26388888888889,95.48611111111111,50.34722222222222,69,62,69,7,70.0,INTERMODALIDAD_MEDIA,16,57.638888888888886,57.638888888888886,54.055,19.9554,40.0,38.1094,41.2041,68.4028,46.875,50.01,65.97,50,50,CENTRALIDAD_ESTRUCTURAL_MEDIA,CENTRALIDAD_ESTRUCTURAL_ALTA,19.53,19.53,DEFICIT_INFRAESTRUCTURAL,42.4,67
119,2,12,19,41,3,5,6,AUTOBUS|FERROCARRIL|TRANVIA,3,1,0,1,0,1,AUTOBUS|FERROCARRIL|TRANVIA,3,1,0,1,0,1,AUTOBUS|FERROCARRIL|TRANVIA,3,1,0,1,0,1,61.11549814728781,24.19155134996809,13.050705333535419,0.00490702479338843,0.3794422222409767,0.3254589587445453,0.6,1,0,0,0.5176376876233636,36.49,SOPORTE_FISICO_BAJO,30,MONOMODAL,50.0,41.66666666666667,16.666666666666664,69.44444444444444,95.48611111111111,50.34722222222222,70,85,70,15,85.0,INTERMODALIDAD_MUY_ALTA,3,41.66666666666667,41.66666666666667,36.2601,32.5459,60.0,39.9283,57.5115,81.9444,36.6898,49.95,64.58,52,52,CENTRALIDAD_ESTRUCTURAL_MEDIA,CENTRALIDAD_ESTRUCTURAL_ALTA,1.74,1.74,CENTRALIDAD_SECUNDARIA,25.7,91
45,1,16,20,37,1,1,2,AUTOBUS|FERROCARRIL,2,1,0,1,0,0,AUTOBUS|FERROCARRIL,2,1,0,1,0,0,AUTOBUS|FERROCARRIL,2,1,0,1,0,0,81.48733086305042,25.464790894703256,11.777465788800255,0.005165289256198347,0.3852407435141075,0.12590471182995822,0.4,1,0,0,0.3177714135489874,26.71,SOPORTE_FISICO_BAJO,84,MONOMODAL,50.0,59.02777777777778,75.69444444444444,23.26388888888889,46.18055555555556,50.34722222222222,71,60,71,11,70.0,INTERMODALIDAD_MEDIA,16,59.02777777777778,59.02777777777778,36.8507,12.5905,40.0,28.6814,39.3629,52.0833,56.3657,46.2,54.17,67,67,CENTRALIDAD_ESTRUCTURAL_MEDIA,CENTRALIDAD_ESTRUCTURAL_MEDIA,30.35,30.35,DEFICIT_INFRAESTRUCTURAL,47.56,59
48,1,8,9,20,0,0,0,AUTOBUS,1,0,0,1,0,0,AUTOBUS,1,0,0,1,0,0,AUTOBUS|FERROCARRIL,2,1,0,1,0,0,40.74366543152521,11.459155902616464,6.366197723675814,0.0023243801652892563,0.29664455240180393,0.0,0.2,0,0,0,0.13999999999999999,15.42,SOPORTE_FISICO_MUY_BAJO,129,MONOMODAL,50.0,56.94444444444444,75.0,23.26388888888889,46.18055555555556,50.34722222222222,72,63,72,9,39.0,INTERMODALIDAD_BAJA,129,56.94444444444444,56.94444444444444,27.8703,0.0,20.0,16.0676,18.3681,31.8576,56.1343,35.17,28.47,104,104,CENTRALIDAD_ESTRUCTURAL_BAJA,CENTRALIDAD_ESTRUCTURAL_BAJA,40.88,40.88,DEFICIT_INFRAESTRUCTURAL,50.52,53
51,1,3,3,16,1,1,1,AUTOBUS|FERROCARRIL,2,1,0,1,0,0,AUTOBUS|FERROCARRIL,2,1,0,1,0,0,AUTOBUS|FERROCARRIL,2,1,0,1,0,0,15.278874536821952,3.819718634205488,5.092958178940651,0.0007747933884297521,0.18495368961100384,0.12590471182995822,0.4,1,0,0,0.3177714135489874,19.63,SOPORTE_FISICO_MUY_BAJO,113,MONOMODAL,50.0,56.25,74.30555555555556,23.26388888888889,46.18055555555556,50.34722222222222,73,64,73,9,63.0,INTERMODALIDAD_MEDIA,108,56.25,56.25,16.7796,12.5905,40.0,20.5945,30.1615,67.0139,55.9028,43.7,50.0,73,73,CENTRALIDAD_ESTRUCTURAL_MEDIA,CENTRALIDAD_ESTRUCTURAL_MEDIA,35.66,35.66,DEFICIT_INFRAESTRUCTURAL,48.01,56
129,2,57,92,188,5,8,18,AUTOBUS|FERROCARRIL,2,1,0,1,0,0,AUTOBUS|FERROCARRIL|SUBTE,3,1,1,1,0,0,AUTOBUS|FERROCARRIL|FLUVIAL|SUBTE,4,1,1,1,1,0,290.29861619961713,117.13803811563497,59.84225860255265,0.023760330578512397,0.5611771037469505,0.39910849382917424,0.6,1,1,0,0.5397325481487523,44.98,SOPORTE_FISICO_MEDIO,8,MONOMODAL,50.0,40.27777777777778,11.11111111111111,69.44444444444444,95.48611111111111,50.34722222222222,74,87,74,13,85.0,INTERMODALIDAD_MUY_ALTA,3,40.27777777777778,40.27777777777778,54.8622,39.9108,60.0,49.922,59.3527,81.3368,34.838,52.12,70.14,44,44,CENTRALIDAD_ESTRUCTURAL_MEDIA,CENTRALIDAD_ESTRUCTURAL_ALTA,-9.64,0.0,CENTRALIDAD_SECUNDARIA,24.17,95
52,1,44,79,174,3,4,11,AUTOBUS|FERROCARRIL,2,1,0,1,0,0,AUTOBUS|FERROCARRIL,2,1,0,1,0,0,AUTOBUS|FERROCARRIL,2,1,0,1,0,0,224.09015987338864,100.58592403407786,55.38592019597958,0.020402892561983473,0.5434253034113294,0.2923416876766772,0.4,1,0,0,0.3677025063030031,36.63,SOPORTE_FISICO_BAJO,27,MONOMODAL,50.0,54.861111111111114,73.61111111111111,23.26388888888889,46.18055555555556,50.34722222222222,75,66,75,9,70.0,INTERMODALIDAD_MEDIA,16,54.861111111111114,54.861111111111114,53.0397,29.2342,40.0,40.8286,43.5238,59.375,55.6713,49.84,63.89,53,53,CENTRALIDAD_ESTRUCTURAL_MEDIA,CENTRALIDAD_ESTRUCTURAL_ALTA,14.03,14.03,DEFICIT_INFRAESTRUCTURAL,38.53,70
80,4,49,64,116,4,5,8,AUTOBUS|FERROCARRIL,2,1,0,1,0,0,AUTOBUS|FERROCARRIL,2,1,0,1,0,0,AUTOBUS|FERROCARRIL,2,1,0,1,0,0,249.55495076809189,81.48733086305042,36.92394679731972,0.01652892561983471,0.518933586130455,0.3254589587445453,0.4,1,0,0,0.3776376876233636,36.55,SOPORTE_FISICO_BAJO,29,MONOMODAL,50.0,77.08333333333334,28.47222222222222,23.26388888888889,46.18055555555556,50.34722222222222,76,34,76,42,70.0,INTERMODALIDAD_MEDIA,16,77.08333333333334,77.08333333333334,50.5265,32.5459,40.0,40.9305,44.3518,52.6042,40.625,54.18,76.39,35,35,CENTRALIDAD_ESTRUCTURAL_MEDIA,CENTRALIDAD_ESTRUCTURAL_ALTA,36.15,36.15,DEFICIT_INFRAESTRUCTURAL,60.71,40
53,1,37,68,138,1,3,10,AUTOBUS|FERROCARRIL,2,1,0,1,0,0,AUTOBUS|FERROCARRIL,2,1,0,1,0,0,AUTOBUS|FERROCARRIL|TRANVIA,3,1,0,1,0,1,188.43945262080408,86.58028904199107,43.926764293363114,0.01756198347107438,0.5259792377617493,0.25180942365991643,0.4,1,0,0,0.3555428270979749,34.97,SOPORTE_FISICO_BAJO,36,MONOMODAL,50.0,53.47222222222222,72.22222222222221,23.26388888888889,46.18055555555556,50.34722222222222,77,68,77,9,70.0,INTERMODALIDAD_MEDIA,16,53.47222222222222,53.47222222222222,51.2493,25.1809,40.0,38.737,42.5105,56.8576,55.2083,48.28,59.03,60,60,CENTRALIDAD_ESTRUCTURAL_MEDIA,CENTRALIDAD_ESTRUCTURAL_MEDIA,14.74,14.74,DEFICIT_INFRAESTRUCTURAL,37.98,72
136,2,71,131,264,3,4,13,AUTOBUS|FERROCARRIL,2,1,0,1,0,0,AUTOBUS|FERROCARRIL,2,1,0,1,0,0,AUTOBUS|FERROCARRIL,2,1,0,1,0,0,361.6000307047862,166.79438036030632,84.03380995252074,0.03383264462809917,0.6024417664347088,0.2923416876766772,0.4,1,0,0,0.3677025063030031,38.9,SOPORTE_FISICO_BAJO,18,MONOMODAL,50.0,38.19444444444444,5.555555555555555,95.83333333333334,46.18055555555556,50.34722222222222,78,90,78,12,70.0,INTERMODALIDAD_MEDIA,16,38.19444444444444,38.19444444444444,59.1011,29.2342,40.0,43.2906,43.5238,75.0,32.9861,45.53,52.78,69,69,CENTRALIDAD_ESTRUCTURAL_MEDIA,CENTRALIDAD_ESTRUCTURAL_MEDIA,-5.1,0.0,CENTRALIDAD_SECUNDARIA,22.92,97
85,1,23,38,74,0,2,2,AUTOBUS,1,0,0,1,0,0,AUTOBUS|FERROCARRIL,2,1,0,1,0,0,AUTOBUS|FERROCARRIL,2,1,0,1,0,0,117.13803811563497,48.38310269993618,23.55493157760051,0.00981404958677686,0.45859974178108265,0.19955424691458712,0.4,1,0,0,0.3398662740743761,31.19,SOPORTE_FISICO_BAJO,60,MONOMODAL,50.0,34.02777777777778,45.13888888888889,69.44444444444444,46.18055555555556,50.34722222222222,79,96,79,17,70.0,INTERMODALIDAD_MEDIA,16,34.02777777777778,34.02777777777778,44.3435,19.9554,40.0,34.1853,41.2041,66.059,46.1806,41.52,43.75,82,82,CENTRALIDAD_ESTRUCTURAL_MEDIA,CENTRALIDAD_ESTRUCTURAL_MEDIA,-0.16,0.0,CENTRALIDAD_SECUNDARIA,20.42,100
56,1,1,3,11,0,0,0,AUTOBUS,1,0,0,1,0,0,AUTOBUS,1,0,0,1,0,0,AUTOBUS,1,0,0,1,0,0,5.092958178940651,3.819718634205488,3.5014087480216975,0.0007747933884297521,0.18495368961100384,0.0,0.2,0,0,0,0.13999999999999999,11.49,SOPORTE_FISICO_MUY_BAJO,138,MONOMODAL,50.0,51.388888888888886,70.83333333333334,23.26388888888889,46.18055555555556,50.34722222222222,80,71,80,9,33.0,INTERMODALIDAD_BAJA,138,51.388888888888886,51.388888888888886,16.7796,0.0,20.0,11.5964,16.7188,40.3646,54.7454,33.19,23.61,111,111,CENTRALIDAD_ESTRUCTURAL_BAJA,CENTRALIDAD_ESTRUCTURAL_BAJA,39.79,39.79,DEFICIT_INFRAESTRUCTURAL,46.75,62
87,1,12,20,30,0,0,1,AUTOBUS,1,0,0,1,0,0,AUTOBUS,1,0,0,1,0,0,AUTOBUS|FLUVIAL,2,0,0,1,1,0,61.11549814728781,25.464790894703256,9.549296585513721,0.005165289256198347,0.3852407435141075,0.0,0.2,0,0,0,0.13999999999999999,18.56,SOPORTE_FISICO_MUY_BAJO,119,MONOMODAL,50.0,33.33333333333333,43.05555555555556,69.44444444444444,46.18055555555556,50.34722222222222,81,97,81,16,40.0,INTERMODALIDAD_BAJA,115,33.33333333333333,33.33333333333333,36.8507,0.0,20.0,19.6817,19.8438,33.0729,45.4861,28.4,13.19,126,126,CENTRALIDAD_ESTRUCTURAL_BAJA,CENTRALIDAD_ESTRUCTURAL_MUY_BAJA,13.65,13.65,CENTRALIDAD_SECUNDARIA,25.46,92
59,1,41,49,61,1,1,1,AUTOBUS|FERROCARRIL,2,1,0,1,0,0,AUTOBUS|FERROCARRIL,2,1,0,1,0,0,AUTOBUS|FERROCARRIL,2,1,0,1,0,0,208.8112853365667,62.38873769202297,19.416903057211233,0.01265495867768595,0.48796223344540923,0.12590471182995822,0.4,1,0,0,0.3177714135489874,30.42,SOPORTE_FISICO_BAJO,64,MONOMODAL,50.0,50.0,68.75,23.26388888888889,46.18055555555556,50.34722222222222,82,73,82,9,70.0,INTERMODALIDAD_MEDIA,16,50.0,50.0,47.3508,12.5905,40.0,32.9129,39.3629,44.9653,54.0509,43.25,48.61,75,75,CENTRALIDAD_ESTRUCTURAL_MEDIA,CENTRALIDAD_ESTRUCTURAL_MEDIA,17.09,17.09,DEFICIT_INFRAESTRUCTURAL,36.84,74
89,1,4,5,10,0,1,1,AUTOBUS,1,0,0,1,0,0,AUTOBUS|FERROCARRIL,2,1,0,1,0,0,AUTOBUS|FERROCARRIL,2,1,0,1,0,0,20.371832715762604,6.366197723675814,3.183098861837907,0.0012913223140495868,0.23483860732538517,0.12590471182995822,0.4,1,0,0,0.3177714135489874,21.39,SOPORTE_FISICO_BAJO,106,MONOMODAL,50.0,31.944444444444443,40.97222222222222,69.44444444444444,46.18055555555556,50.34722222222222,83,99,83,16,65.0,INTERMODALIDAD_MEDIA,104,31.944444444444443,31.944444444444443,21.6873,12.5905,40.0,22.5762,30.7691,62.3264,44.7917,35.21,29.17,103,103,CENTRALIDAD_ESTRUCTURAL_BAJA,CENTRALIDAD_ESTRUCTURAL_BAJA,9.37,9.37,CENTRALIDAD_SECUNDARIA,22.91,98
60,1,7,11,17,2,2,2,AUTOBUS|FERROCARRIL,2,1,0,1,0,0,AUTOBUS|FERROCARRIL,2,1,0,1,0,0,AUTOBUS|FERROCARRIL,2,1,0,1,0,0,35.65070725258456,14.00563499208679,5.411268065124442,0.002840909090909091,0.3185149047398846,0.19955424691458712,0.4,1,0,0,0.3398662740743761,26.18,SOPORTE_FISICO_BAJO,87,MONOMODAL,50.0,49.30555555555556,67.36111111111111,23.26388888888889,46.18055555555556,50.34722222222222,84,74,84,10,70.0,INTERMODALIDAD_MEDIA,16,49.30555555555556,49.30555555555556,30.0771,19.9554,40.0,28.4406,41.2041,46.2674,53.588,42.44,47.22,77,77,CENTRALIDAD_ESTRUCTURAL_MEDIA,CENTRALIDAD_ESTRUCTURAL_MEDIA,20.86,20.86,CENTRALIDAD_SECUNDARIA,37.93,73
118,2,25,51,91,0,1,2,AUTOBUS,1,0,0,1,0,0,AUTOBUS|FERROCARRIL,2,1,0,1,0,0,AUTOBUS|FERROCARRIL,2,1,0,1,0,0,127.32395447351627,64.9352167814933,28.966199642724952,0.013171487603305785,0.49259414321024025,0.12590471182995822,0.4,1,0,0,0.3177714135489874,30.59,SOPORTE_FISICO_BAJO,63,MONOMODAL,50.0,43.05555555555556,18.055555555555554,69.44444444444444,46.18055555555556,50.34722222222222,85,83,85,2,70.0,INTERMODALIDAD_MEDIA,16,43.05555555555556,43.05555555555556,47.8255,12.5905,40.0,33.1046,39.3629,63.1944,37.1528,42.26,46.53,78,78,CENTRALIDAD_ESTRUCTURAL_MEDIA,CENTRALIDAD_ESTRUCTURAL_MEDIA,9.95,9.95,CENTRALIDAD_SECUNDARIA,29.81,83
110,2,8,10,27,1,1,3,AUTOBUS|FERROCARRIL,2,1,0,1,0,0,AUTOBUS|FERROCARRIL,2,1,0,1,0,0,AUTOBUS|FERROCARRIL,2,1,0,1,0,0,40.74366543152521,12.732395447351628,8.594366926962348,0.0025826446280991736,0.30808740138835516,0.12590471182995822,0.4,1,0,0,0.3177714135489874,23.97,SOPORTE_FISICO_BAJO,99,MONOMODAL,50.0,42.36111111111111,17.36111111111111,69.44444444444444,46.18055555555556,50.34722222222222,86,84,86,2,70.0,INTERMODALIDAD_MEDIA,16,42.36111111111111,42.36111111111111,29.0239,12.5905,40.0,25.531,39.3629,74.8264,36.9213,41.88,45.14,80,80,CENTRALIDAD_ESTRUCTURAL_MEDIA,CENTRALIDAD_ESTRUCTURAL_MEDIA,16.83,16.83,CENTRALIDAD_SECUNDARIA,32.15,80
62,1,1,5,11,0,0,0,AUTOBUS,1,0,0,1,0,0,AUTOBUS,1,0,0,1,0,0,AUTOBUS,1,0,0,1,0,0,5.092958178940651,6.366197723675814,3.5014087480216975,0.0012913223140495868,0.23483860732538517,0.0,0.2,0,0,0,0.13999999999999999,13.24,SOPORTE_FISICO_MUY_BAJO,135,MONOMODAL,50.0,47.91666666666667,64.58333333333334,23.26388888888889,46.18055555555556,50.34722222222222,87,76,87,11,35.0,INTERMODALIDAD_BAJA,135,47.91666666666667,47.91666666666667,21.6873,0.0,20.0,13.5766,17.5,28.9062,52.662,30.87,18.06,119,119,CENTRALIDAD_ESTRUCTURAL_BAJA,CENTRALIDAD_ESTRUCTURAL_MUY_BAJA,34.34,34.34,CENTRALIDAD_SECUNDARIA,42.49,65
94,1,31,46,106,5,7,19,AUTOBUS|FERROCARRIL|TRANVIA,3,1,0,1,0,1,AUTOBUS|FERROCARRIL|TRANVIA,3,1,0,1,0,1,AUTOBUS|FERROCARRIL|FLUVIAL|TRANVIA,4,1,0,1,1,1,157.88170354716019,58.569019057817485,33.74084793548181,0.011880165289256199,0.4806532324681198,0.3777141354898746,0.6,1,0,0,0.5333142406469623,41.44,SOPORTE_FISICO_MEDIO,14,MONOMODAL,50.0,29.166666666666668,38.19444444444444,69.44444444444444,46.18055555555556,50.34722222222222,88,103,88,15,85.0,INTERMODALIDAD_MUY_ALTA,3,29.166666666666668,29.166666666666668,46.6019,37.7714,60.0,45.8581,58.8179,72.6562,43.8657,47.26,55.56,65,65,CENTRALIDAD_ESTRUCTURAL_MEDIA,CENTRALIDAD_ESTRUCTURAL_MEDIA,-16.69,0.0,CENTRALIDAD_SECUNDARIA,17.5,107
66,1,6,10,25,2,2,3,AUTOBUS|FERROCARRIL,2,1,0,1,0,0,AUTOBUS|FERROCARRIL,2,1,0,1,0,0,AUTOBUS|FERROCARRIL,2,1,0,1,0,0,30.557749073643905,12.732395447351628,7.957747154594767,0.0025826446280991736,0.30808740138835516,0.19955424691458712,0.4,1,0,0,0.3398662740743761,25.81,SOPORTE_FISICO_BAJO,90,MONOMODAL,50.0,46.52777777777778,62.5,23.26388888888889,46.18055555555556,50.34722222222222,89,78,89,11,70.0,INTERMODALIDAD_MEDIA,16,46.52777777777778,46.52777777777778,29.0239,19.9554,40.0,28.0165,41.2041,61.4583,51.9676,43.62,49.31,74,74,CENTRALIDAD_ESTRUCTURAL_MEDIA,CENTRALIDAD_ESTRUCTURAL_MEDIA,18.51,18.51,CENTRALIDAD_SECUNDARIA,35.32,79
97,1,20,34,92,0,0,2,AUTOBUS,1,0,0,1,0,0,AUTOBUS|TRANVIA,2,0,0,1,0,1,AUTOBUS|FERROCARRIL|TRANVIA,3,1,0,1,0,1,101.85916357881302,43.29014452099553,29.284509528908742,0.00878099173553719,0.4457992744134685,0.0,0.4,0,0,0,0.27999999999999997,25.73,SOPORTE_FISICO_BAJO,94,MONOMODAL,50.0,27.77777777777778,36.80555555555556,69.44444444444444,46.18055555555556,50.34722222222222,90,105,90,15,65.0,INTERMODALIDAD_MEDIA,104,27.77777777777778,27.77777777777778,43.0337,0.0,40.0,26.9213,27.6215,50.9549,43.4028,32.57,21.53,114,114,CENTRALIDAD_ESTRUCTURAL_BAJA,CENTRALIDAD_ESTRUCTURAL_BAJA,0.86,0.86,CENTRALIDAD_SECUNDARIA,17.01,108
99,1,287,357,376,2,3,6,AUTOBUS|FERROCARRIL,2,1,0,1,0,0,AUTOBUS|FERROCARRIL,2,1,0,1,0,0,AUTOBUS|FERROCARRIL,2,1,0,1,0,0,1461.6789973559669,454.5465174704531,119.6845172051053,0.0922004132231405,0.7198972562974655,0.25180942365991643,0.4,1,0,0,0.3555428270979749,42.87,SOPORTE_FISICO_MEDIO,10,MONOMODAL,50.0,27.083333333333332,35.41666666666667,69.44444444444444,46.18055555555556,50.34722222222222,91,106,91,15,70.0,INTERMODALIDAD_MEDIA,16,27.083333333333332,27.083333333333332,71.1775,25.1809,40.0,46.8969,42.5105,55.2951,42.9398,40.94,41.67,85,85,CENTRALIDAD_ESTRUCTURAL_MEDIA,CENTRALIDAD_ESTRUCTURAL_MEDIA,-19.81,0.0,CENTRALIDAD_SECUNDARIA,16.25,110
128,2,33,41,68,1,2,4,AUTOBUS|FERROCARRIL,2,1,0,1,0,0,AUTOBUS|FERROCARRIL,2,1,0,1,0,0,AUTOBUS|FERROCARRIL,2,1,0,1,0,0,168.06761990504148,52.202821334141674,21.645072260497766,0.010588842975206611,0.4673614186927018,0.19955424691458712,0.4,1,0,0,0.3398662740743761,31.51,SOPORTE_FISICO_BAJO,57,MONOMODAL,50.0,39.58333333333333,8.333333333333332,69.44444444444444,46.18055555555556,50.34722222222222,92,88,92,4,70.0,INTERMODALIDAD_MEDIA,16,39.58333333333333,39.58333333333333,45.2405,19.9554,40.0,34.5473,41.2041,61.1979,33.912,41.32,43.06,83,83,CENTRALIDAD_ESTRUCTURAL_MEDIA,CENTRALIDAD_ESTRUCTURAL_MEDIA,5.04,5.04,CENTRALIDAD_SECUNDARIA,25.77,90
124,2,7,11,17,1,2,2,AUTOBUS|FERROCARRIL,2,1,0,1,0,0,AUTOBUS|FERROCARRIL,2,1,0,1,0,0,AUTOBUS|FERROCARRIL,2,1,0,1,0,0,35.65070725258456,14.00563499208679,5.411268065124442,0.002840909090909091,0.3185149047398846,0.19955424691458712,0.4,1,0,0,0.3398662740743761,26.18,SOPORTE_FISICO_BAJO,87,MONOMODAL,50.0,38.88888888888889,6.944444444444445,69.44444444444444,46.18055555555556,50.34722222222222,93,89,93,4,70.0,INTERMODALIDAD_MEDIA,16,38.88888888888889,38.88888888888889,30.0771,19.9554,40.0,28.4406,41.2041,57.8125,33.4491,39.03,35.42,94,94,CENTRALIDAD_ESTRUCTURAL_BAJA,CENTRALIDAD_ESTRUCTURAL_BAJA,10.45,10.45,CENTRALIDAD_SECUNDARIA,27.51,85
102,1,8,11,22,0,0,2,AUTOBUS,1,0,0,1,0,0,AUTOBUS,1,0,0,1,0,0,AUTOBUS|FERROCARRIL,2,1,0,1,0,0,40.74366543152521,14.00563499208679,7.002817496043395,0.002840909090909091,0.3185149047398846,0.0,0.2,0,0,0,0.13999999999999999,16.19,SOPORTE_FISICO_MUY_BAJO,127,MONOMODAL,50.0,25.0,32.63888888888889,69.44444444444444,46.18055555555556,50.34722222222222,94,109,94,15,40.0,INTERMODALIDAD_BAJA,115,25.0,25.0,30.0771,0.0,20.0,16.9555,19.8438,40.4514,42.0139,25.98,11.11,129,129,CENTRALIDAD_ESTRUCTURAL_BAJA,CENTRALIDAD_ESTRUCTURAL_MUY_BAJA,8.04,8.04,CENTRALIDAD_SECUNDARIA,18.22,105
103,1,18,26,60,1,2,2,AUTOBUS|FERROCARRIL,2,1,0,1,0,0,AUTOBUS|FERROCARRIL,2,1,0,1,0,0,AUTOBUS|FERROCARRIL,2,1,0,1,0,0,91.67324722093171,33.10422816311423,19.098593171027442,0.006714876033057851,0.41506520603744346,0.19955424691458712,0.4,1,0,0,0.3398662740743761,29.62,SOPORTE_FISICO_BAJO,70,MONOMODAL,50.0,24.305555555555554,31.944444444444443,69.44444444444444,46.18055555555556,50.34722222222222,95,110,95,15,70.0,INTERMODALIDAD_MEDIA,16,24.305555555555554,24.305555555555554,39.8926,19.9554,40.0,32.392,41.2041,71.7882,41.7824,38.58,34.03,96,96,CENTRALIDAD_ESTRUCTURAL_BAJA,CENTRALIDAD_ESTRUCTURAL_BAJA,-8.09,0.0,CENTRALIDAD_SECUNDARIA,14.58,113
104,1,0,1,11,0,1,1,,0,0,0,0,0,0,AUTOBUS|FERROCARRIL,2,1,0,1,0,0,AUTOBUS|FERROCARRIL,2,1,0,1,0,0,0.0,1.2732395447351628,3.5014087480216975,0.00025826446280991736,0.096575039169877,0.12590471182995822,0.4,1,0,0,0.3177714135489874,16.53,SOPORTE_FISICO_MUY_BAJO,124,MONOMODAL,50.0,23.61111111111111,29.86111111111111,69.44444444444444,46.18055555555556,50.34722222222222,96,111,96,15,61.0,INTERMODALIDAD_MEDIA,111,23.61111111111111,23.61111111111111,8.3898,12.5905,40.0,17.1931,29.7275,78.9062,41.088,33.27,24.31,110,110,CENTRALIDAD_ESTRUCTURAL_BAJA,CENTRALIDAD_ESTRUCTURAL_BAJA,6.42,6.42,CENTRALIDAD_SECUNDARIA,16.73,109
75,1,16,36,99,1,3,6,AUTOBUS|FERROCARRIL,2,1,0,1,0,0,AUTOBUS|FERROCARRIL|FLUVIAL,3,1,0,1,1,0,AUTOBUS|FERROCARRIL|FLUVIAL,3,1,0,1,1,0,81.48733086305042,45.83662361046586,31.512678732195276,0.009297520661157025,0.4523735823652385,0.25180942365991643,0.6,1,0,1,0.4955428270979749,37.27,SOPORTE_FISICO_BAJO,26,MONOMODAL,50.0,40.97222222222222,56.25,23.26388888888889,46.18055555555556,50.34722222222222,97,86,97,11,85.0,INTERMODALIDAD_MUY_ALTA,3,40.97222222222222,40.97222222222222,43.7063,25.1809,60.0,40.442,55.6702,64.7569,49.8843,48.24,58.33,61,61,CENTRALIDAD_ESTRUCTURAL_MEDIA,CENTRALIDAD_ESTRUCTURAL_MEDIA,0.53,0.53,CENTRALIDAD_SECUNDARIA,24.8,94
106,1,31,51,139,3,4,16,AUTOBUS|FERROCARRIL,2,1,0,1,0,0,AUTOBUS|FERROCARRIL,2,1,0,1,0,0,AUTOBUS|FERROCARRIL,2,1,0,1,0,0,157.88170354716019,64.9352167814933,44.245074179546904,0.013171487603305785,0.49259414321024025,0.2923416876766772,0.4,1,0,0,0.3677025063030031,34.75,SOPORTE_FISICO_BAJO,37,MONOMODAL,50.0,22.22222222222222,29.166666666666668,69.44444444444444,46.18055555555556,50.34722222222222,98,113,98,15,70.0,INTERMODALIDAD_MEDIA,16,22.22222222222222,22.22222222222222,47.8255,29.2342,40.0,38.7217,43.5238,76.1285,40.8565,40.56,39.58,88,88,CENTRALIDAD_ESTRUCTURAL_MEDIA,CENTRALIDAD_ESTRUCTURAL_BAJA,-16.5,0.0,CENTRALIDAD_SECUNDARIA,13.33,115
107,1,6,8,27,0,0,1,AUTOBUS,1,0,0,1,0,0,AUTOBUS,1,0,0,1,0,0,AUTOBUS|FERROCARRIL,2,1,0,1,0,0,30.557749073643905,10.185916357881302,8.594366926962348,0.002066115702479339,0.28396708285127487,0.0,0.2,0,0,0,0.13999999999999999,14.97,SOPORTE_FISICO_MUY_BAJO,132,MONOMODAL,50.0,21.52777777777778,27.77777777777778,69.44444444444444,46.18055555555556,50.34722222222222,99,114,99,15,38.0,INTERMODALIDAD_BAJA,132,21.52777777777778,21.52777777777778,26.595,0.0,20.0,15.5538,17.934,52.9514,40.3935,25.92,10.42,130,130,CENTRALIDAD_ESTRUCTURAL_BAJA,CENTRALIDAD_ESTRUCTURAL_MUY_BAJA,5.97,5.97,CENTRALIDAD_SECUNDARIA,15.3,111
86,2,10,14,29,2,4,6,AUTOBUS|FERROCARRIL,2,1,0,1,0,0,AUTOBUS|FERROCARRIL,2,1,0,1,0,0,AUTOBUS|FERROCARRIL,2,1,0,1,0,0,50.92958178940651,17.82535362629228,9.23098669932993,0.003615702479338843,0.34518442464383275,0.2923416876766772,0.4,1,0,0,0.3677025063030031,29.44,SOPORTE_FISICO_BAJO,72,MONOMODAL,50.0,48.61111111111111,31.25,23.26388888888889,46.18055555555556,50.34722222222222,100,75,100,25,70.0,INTERMODALIDAD_MEDIA,16,48.61111111111111,48.61111111111111,32.778,29.2342,40.0,32.6586,43.5238,55.2951,41.5509,43.9,50.69,72,72,CENTRALIDAD_ESTRUCTURAL_MEDIA,CENTRALIDAD_ESTRUCTURAL_MEDIA,15.95,15.95,CENTRALIDAD_SECUNDARIA,35.55,78
78,1,5,5,10,1,1,2,AUTOBUS|FERROCARRIL,2,1,0,1,0,0,AUTOBUS|FERROCARRIL,2,1,0,1,0,0,AUTOBUS|FERROCARRIL,2,1,0,1,0,0,25.464790894703256,6.366197723675814,3.183098861837907,0.0012913223140495868,0.23483860732538517,0.12590471182995822,0.4,1,0,0,0.3177714135489874,21.39,SOPORTE_FISICO_BAJO,106,MONOMODAL,50.0,37.5,53.47222222222222,23.26388888888889,46.18055555555556,50.34722222222222,101,91,101,10,65.0,INTERMODALIDAD_MEDIA,104,37.5,37.5,21.6873,12.5905,40.0,22.5762,30.7691,50.7812,48.9583,35.56,29.86,102,102,CENTRALIDAD_ESTRUCTURAL_BAJA,CENTRALIDAD_ESTRUCTURAL_BAJA,14.92,14.92,CENTRALIDAD_SECUNDARIA,28.47,84
79,1,6,17,44,2,3,6,AUTOBUS|FERROCARRIL,2,1,0,1,0,0,AUTOBUS|FERROCARRIL,2,1,0,1,0,0,AUTOBUS|FERROCARRIL,2,1,0,1,0,0,30.557749073643905,21.645072260497766,14.00563499208679,0.004390495867768595,0.36690985424200945,0.25180942365991643,0.4,1,0,0,0.3555428270979749,29.2,SOPORTE_FISICO_BAJO,73,MONOMODAL,50.0,36.80555555555556,52.77777777777778,23.26388888888889,46.18055555555556,50.34722222222222,102,92,102,10,70.0,INTERMODALIDAD_MEDIA,16,36.80555555555556,36.80555555555556,34.9848,25.1809,40.0,32.179,42.5105,62.934,48.7269,41.9,45.83,79,79,CENTRALIDAD_ESTRUCTURAL_MEDIA,CENTRALIDAD_ESTRUCTURAL_MEDIA,4.63,4.63,CENTRALIDAD_SECUNDARIA,23.94,96
112,1,7,15,40,1,2,3,AUTOBUS|FERROCARRIL,2,1,0,1,0,0,AUTOBUS|FERROCARRIL,2,1,0,1,0,0,AUTOBUS|FERROCARRIL,2,1,0,1,0,0,35.65070725258456,19.098593171027442,12.732395447351628,0.0038739669421487604,0.35288088494021963,0.19955424691458712,0.4,1,0,0,0.3398662740743761,27.4,SOPORTE_FISICO_BAJO,82,MONOMODAL,50.0,18.75,23.61111111111111,69.44444444444444,46.18055555555556,50.34722222222222,103,118,103,15,70.0,INTERMODALIDAD_MEDIA,16,18.75,18.75,33.5592,19.9554,40.0,29.8423,41.2041,75.1736,39.0046,36.5,33.33,97,97,CENTRALIDAD_ESTRUCTURAL_BAJA,CENTRALIDAD_ESTRUCTURAL_BAJA,-11.09,0.0,CENTRALIDAD_SECUNDARIA,11.25,120
82,1,8,14,34,0,1,2,AUTOBUS|FERROCARRIL,2,1,0,1,0,0,AUTOBUS|FERROCARRIL,2,1,0,1,0,0,AUTOBUS|FERROCARRIL,2,1,0,1,0,0,40.74366543152521,17.82535362629228,10.822536130248883,0.003615702479338843,0.34518442464383275,0.12590471182995822,0.4,1,0,0,0.3177714135489874,25.28,SOPORTE_FISICO_BAJO,95,MONOMODAL,50.0,36.11111111111111,49.30555555555556,23.26388888888889,46.18055555555556,50.34722222222222,104,93,104,11,70.0,INTERMODALIDAD_MEDIA,16,36.11111111111111,36.11111111111111,32.778,12.5905,40.0,27.0415,39.3629,61.2847,47.5694,39.42,36.11,93,93,CENTRALIDAD_ESTRUCTURAL_BAJA,CENTRALIDAD_ESTRUCTURAL_BAJA,9.07,9.07,CENTRALIDAD_SECUNDARIA,25.29,93
113,1,3,4,9,0,0,1,AUTOBUS,1,0,0,1,0,0,AUTOBUS,1,0,0,1,0,0,AUTOBUS|FERROCARRIL,2,1,0,1,0,0,15.278874536821952,5.092958178940651,2.864788975654116,0.0010330578512396695,0.2125216136193653,0.0,0.2,0,0,0,0.13999999999999999,12.45,SOPORTE_FISICO_MUY_BAJO,136,MONOMODAL,50.0,18.055555555555554,22.916666666666664,69.44444444444444,46.18055555555556,50.34722222222222,105,119,105,14,34.0,INTERMODALIDAD_BAJA,136,18.055555555555554,18.055555555555554,19.4805,0.0,20.0,12.6857,17.2396,39.4965,38.7731,21.84,6.94,135,135,CENTRALIDAD_ESTRUCTURAL_BAJA,CENTRALIDAD_ESTRUCTURAL_MUY_BAJA,5.37,5.37,CENTRALIDAD_SECUNDARIA,12.98,116
83,1,3,3,12,1,1,1,AUTOBUS|FERROCARRIL,2,1,0,1,0,0,AUTOBUS|FERROCARRIL,2,1,0,1,0,0,AUTOBUS|FERROCARRIL,2,1,0,1,0,0,15.278874536821952,3.819718634205488,3.819718634205488,0.0007747933884297521,0.18495368961100384,0.12590471182995822,0.4,1,0,0,0.3177714135489874,19.63,SOPORTE_FISICO_MUY_BAJO,113,MONOMODAL,50.0,35.41666666666667,47.91666666666667,23.26388888888889,46.18055555555556,50.34722222222222,106,94,106,12,63.0,INTERMODALIDAD_MEDIA,108,35.41666666666667,35.41666666666667,16.7796,12.5905,40.0,20.5945,30.1615,66.4062,47.1065,36.48,32.64,98,98,CENTRALIDAD_ESTRUCTURAL_BAJA,CENTRALIDAD_ESTRUCTURAL_BAJA,14.82,14.82,CENTRALIDAD_SECUNDARIA,27.18,87
95,2,54,98,213,8,11,18,AUTOBUS|FERROCARRIL,2,1,0,1,0,0,AUTOBUS|FERROCARRIL,2,1,0,1,0,0,AUTOBUS|FERROCARRIL,2,1,0,1,0,0,275.0197416627951,124.77747538404594,67.80000575714742,0.0253099173553719,0.5685460743856711,0.45136367057450355,0.4,1,0,0,0.415409101172351,41.56,SOPORTE_FISICO_MEDIO,13,MONOMODAL,50.0,45.83333333333333,25.0,23.26388888888889,46.18055555555556,50.34722222222222,107,79,107,28,70.0,INTERMODALIDAD_MEDIA,16,45.83333333333333,45.83333333333333,55.619,45.1364,40.0,47.2416,47.4994,59.0278,39.4676,47.86,57.64,62,62,CENTRALIDAD_ESTRUCTURAL_MEDIA,CENTRALIDAD_ESTRUCTURAL_MEDIA,-1.41,0.0,CENTRALIDAD_SECUNDARIA,27.5,86
116,1,27,50,122,1,1,3,AUTOBUS|TRANVIA,2,0,0,1,0,1,AUTOBUS|FERROCARRIL|TRANVIA,3,1,0,1,0,1,AUTOBUS|FERROCARRIL|TRANVIA,3,1,0,1,0,1,137.50987083139756,63.66197723675813,38.833806114422465,0.012913223140495868,0.490300991187029,0.12590471182995822,0.6,1,0,0,0.4577714135489874,35.5,SOPORTE_FISICO_BAJO,33,MONOMODAL,50.0,15.972222222222221,20.833333333333336,69.44444444444444,46.18055555555556,50.34722222222222,108,122,108,14,85.0,INTERMODALIDAD_MUY_ALTA,3,15.972222222222221,15.972222222222221,47.5905,12.5905,60.0,37.7588,52.5226,73.8715,38.0787,39.62,38.19,90,90,CENTRALIDAD_ESTRUCTURAL_BAJA,CENTRALIDAD_ESTRUCTURAL_BAJA,-21.79,0.0,CENTRALIDAD_SECUNDARIA,9.58,122
84,1,3,3,10,0,0,0,AUTOBUS,1,0,0,1,0,0,AUTOBUS,1,0,0,1,0,0,AUTOBUS,1,0,0,1,0,0,15.278874536821952,3.819718634205488,3.183098861837907,0.0007747933884297521,0.18495368961100384,0.0,0.2,0,0,0,0.13999999999999999,11.49,SOPORTE_FISICO_MUY_BAJO,138,MONOMODAL,50.0,34.72222222222222,44.44444444444444,23.26388888888889,46.18055555555556,50.34722222222222,109,95,109,14,33.0,INTERMODALIDAD_BAJA,138,34.72222222222222,34.72222222222222,16.7796,0.0,20.0,11.5964,16.7188,38.6285,45.9491,27.05,12.5,127,127,CENTRALIDAD_ESTRUCTURAL_BAJA,CENTRALIDAD_ESTRUCTURAL_MUY_BAJA,23.13,23.13,CENTRALIDAD_SECUNDARIA,30.09,82
117,1,8,9,14,0,0,0,AUTOBUS,1,0,0,1,0,0,AUTOBUS,1,0,0,1,0,0,AUTOBUS,1,0,0,1,0,0,40.74366543152521,11.459155902616464,4.45633840657307,0.0023243801652892563,0.29664455240180393,0.0,0.2,0,0,0,0.13999999999999999,15.42,SOPORTE_FISICO_MUY_BAJO,129,MONOMODAL,50.0,15.277777777777779,20.13888888888889,69.44444444444444,46.18055555555556,50.34722222222222,110,123,110,13,39.0,INTERMODALIDAD_BAJA,129,15.277777777777779,15.277777777777779,27.8703,0.0,20.0,16.0676,18.3681,32.5521,37.8472,20.94,5.56,137,137,CENTRALIDAD_ESTRUCTURAL_BAJA,CENTRALIDAD_ESTRUCTURAL_MUY_BAJA,-0.79,0.0,CENTRALIDAD_SECUNDARIA,9.17,123
120,1,35,60,121,3,3,8,AUTOBUS|FERROCARRIL,2,1,0,1,0,0,AUTOBUS|FERROCARRIL,2,1,0,1,0,0,AUTOBUS|FERROCARRIL,2,1,0,1,0,0,178.25353626292278,76.39437268410977,38.515496228238675,0.015495867768595042,0.5114387677034817,0.25180942365991643,0.4,1,0,0,0.3555428270979749,34.43,SOPORTE_FISICO_BAJO,41,MONOMODAL,50.0,14.583333333333334,19.444444444444446,69.44444444444444,46.18055555555556,50.34722222222222,111,124,111,13,70.0,INTERMODALIDAD_MEDIA,16,14.583333333333334,14.583333333333334,49.7577,25.1809,40.0,38.134,42.5105,67.7951,37.6157,36.34,31.94,99,99,CENTRALIDAD_ESTRUCTURAL_BAJA,CENTRALIDAD_ESTRUCTURAL_BAJA,-23.55,0.0,CENTRALIDAD_SECUNDARIA,8.75,124
121,1,24,30,62,0,0,1,AUTOBUS,1,0,0,1,0,0,AUTOBUS,1,0,0,1,0,0,AUTOBUS|FERROCARRIL,2,1,0,1,0,0,122.23099629457562,38.197186342054884,19.735212943395023,0.007747933884297521,0.4314334042643508,0.0,0.2,0,0,0,0.13999999999999999,20.22,SOPORTE_FISICO_BAJO,110,MONOMODAL,50.0,13.88888888888889,18.75,69.44444444444444,46.18055555555556,50.34722222222222,112,125,112,13,40.0,INTERMODALIDAD_BAJA,115,13.88888888888889,13.88888888888889,41.5647,0.0,20.0,21.5807,19.8438,43.4028,37.3843,23.78,9.03,132,132,CENTRALIDAD_ESTRUCTURAL_BAJA,CENTRALIDAD_ESTRUCTURAL_MUY_BAJA,-7.69,0.0,CENTRALIDAD_SECUNDARIA,8.33,125
88,1,20,39,97,2,3,5,AUTOBUS|FERROCARRIL,2,1,0,1,0,0,AUTOBUS|FERROCARRIL,2,1,0,1,0,0,AUTOBUS|FERROCARRIL,2,1,0,1,0,0,101.85916357881302,49.65634224467134,30.876058959827695,0.010072314049586776,0.46159341995125097,0.25180942365991643,0.4,1,0,0,0.3555428270979749,32.6,SOPORTE_FISICO_BAJO,52,MONOMODAL,50.0,32.63888888888889,42.36111111111111,23.26388888888889,46.18055555555556,50.34722222222222,113,98,113,15,70.0,INTERMODALIDAD_MEDIA,16,32.63888888888889,32.63888888888889,44.6499,25.1809,40.0,36.0718,42.5105,62.6736,45.2546,41.24,42.36,84,84,CENTRALIDAD_ESTRUCTURAL_MEDIA,CENTRALIDAD_ESTRUCTURAL_MEDIA,-3.43,0.0,CENTRALIDAD_SECUNDARIA,19.58,101
90,1,17,37,88,0,3,6,AUTOBUS|FERROCARRIL,2,1,0,1,0,0,AUTOBUS|FERROCARRIL|TRANVIA,3,1,0,1,0,1,AUTOBUS|FERROCARRIL|TRANVIA,3,1,0,1,0,1,86.58028904199107,47.10986315520102,28.01126998417358,0.009555785123966942,0.4555278610995459,0.25180942365991643,0.6,1,0,0,0.4955428270979749,37.38,SOPORTE_FISICO_BAJO,24,MONOMODAL,50.0,31.25,40.27777777777778,23.26388888888889,46.18055555555556,50.34722222222222,114,100,114,14,85.0,INTERMODALIDAD_MUY_ALTA,3,31.25,31.25,44.0291,25.1809,60.0,40.5715,55.6702,61.8056,44.5602,44.38,51.39,71,71,CENTRALIDAD_ESTRUCTURAL_MEDIA,CENTRALIDAD_ESTRUCTURAL_MEDIA,-9.32,0.0,CENTRALIDAD_SECUNDARIA,18.75,103
123,1,12,17,29,1,1,2,AUTOBUS|FERROCARRIL,2,1,0,1,0,0,AUTOBUS|FERROCARRIL,2,1,0,1,0,0,AUTOBUS|FERROCARRIL,2,1,0,1,0,0,61.11549814728781,21.645072260497766,9.23098669932993,0.004390495867768595,0.36690985424200945,0.12590471182995822,0.4,1,0,0,0.3177714135489874,26.06,SOPORTE_FISICO_BAJO,89,MONOMODAL,50.0,12.5,15.277777777777779,69.44444444444444,46.18055555555556,50.34722222222222,115,127,115,12,70.0,INTERMODALIDAD_MEDIA,16,12.5,12.5,34.9848,12.5905,40.0,27.9308,39.3629,61.0243,36.2269,31.38,20.14,116,116,CENTRALIDAD_ESTRUCTURAL_BAJA,CENTRALIDAD_ESTRUCTURAL_BAJA,-15.43,0.0,CENTRALIDAD_SECUNDARIA,7.5,127
92,1,6,25,71,0,1,5,AUTOBUS,1,0,0,1,0,0,AUTOBUS|FERROCARRIL,2,1,0,1,0,0,AUTOBUS|FERROCARRIL,2,1,0,1,0,0,30.557749073643905,31.830988618379067,22.600001919049138,0.006456611570247934,0.4105906428291123,0.12590471182995822,0.4,1,0,0,0.3177714135489874,27.62,SOPORTE_FISICO_BAJO,81,MONOMODAL,50.0,30.555555555555557,39.58333333333333,23.26388888888889,46.18055555555556,50.34722222222222,116,101,116,15,70.0,INTERMODALIDAD_MEDIA,16,30.555555555555557,30.555555555555557,39.4357,12.5905,40.0,29.7227,39.3629,65.1042,44.3287,38.67,34.72,95,95,CENTRALIDAD_ESTRUCTURAL_BAJA,CENTRALIDAD_ESTRUCTURAL_BAJA,0.83,0.83,CENTRALIDAD_SECUNDARIA,18.67,104
93,1,29,43,103,1,2,6,AUTOBUS|FERROCARRIL,2,1,0,1,0,0,AUTOBUS|FERROCARRIL,2,1,0,1,0,0,AUTOBUS|FERROCARRIL,2,1,0,1,0,0,147.6957871892789,54.749300423612,32.78591827693044,0.011105371900826446,0.47285969214745543,0.19955424691458712,0.4,1,0,0,0.3398662740743761,31.71,SOPORTE_FISICO_BAJO,56,MONOMODAL,50.0,29.86111111111111,38.88888888888889,23.26388888888889,46.18055555555556,50.34722222222222,117,102,117,15,70.0,INTERMODALIDAD_MEDIA,16,29.86111111111111,29.86111111111111,45.8035,19.9554,40.0,34.7744,41.2041,61.9792,44.0972,39.6,37.5,91,91,CENTRALIDAD_ESTRUCTURAL_BAJA,CENTRALIDAD_ESTRUCTURAL_BAJA,-4.91,0.0,CENTRALIDAD_SECUNDARIA,17.92,106
127,1,5,6,20,0,0,1,AUTOBUS,1,0,0,1,0,0,AUTOBUS,1,0,0,1,0,0,AUTOBUS|FERROCARRIL|FLUVIAL,3,1,0,1,1,0,25.464790894703256,7.639437268410976,6.366197723675814,0.0015495867768595042,0.25358849344279244,0.0,0.2,0,0,0,0.13999999999999999,13.9,SOPORTE_FISICO_MUY_BAJO,134,MONOMODAL,50.0,10.416666666666668,13.194444444444445,69.44444444444444,46.18055555555556,50.34722222222222,118,130,118,12,36.0,INTERMODALIDAD_BAJA,134,10.416666666666668,10.416666666666668,23.5531,0.0,20.0,14.3286,17.6736,52.5174,35.5324,21.67,6.25,136,136,CENTRALIDAD_ESTRUCTURAL_BAJA,CENTRALIDAD_ESTRUCTURAL_MUY_BAJA,-3.91,0.0,CENTRALIDAD_SECUNDARIA,6.25,130
130,1,19,35,83,1,2,4,AUTOBUS|FERROCARRIL,2,1,0,1,0,0,AUTOBUS|FERROCARRIL,2,1,0,1,0,0,AUTOBUS|FERROCARRIL,2,1,0,1,0,0,96.76620539987236,44.563384065730695,26.419720553254628,0.009039256198347107,0.44913236307384297,0.19955424691458712,0.4,1,0,0,0.3398662740743761,30.84,SOPORTE_FISICO_BAJO,62,MONOMODAL,50.0,9.722222222222223,12.5,69.44444444444444,46.18055555555556,50.34722222222222,119,131,119,12,70.0,INTERMODALIDAD_MEDIA,16,9.722222222222223,9.722222222222223,43.3746,19.9554,40.0,33.7937,41.2041,73.1771,35.3009,34.11,26.39,107,107,CENTRALIDAD_ESTRUCTURAL_BAJA,CENTRALIDAD_ESTRUCTURAL_BAJA,-24.07,0.0,CENTRALIDAD_SECUNDARIA,5.83,131
96,1,1,5,13,0,0,1,FERROCARRIL,1,1,0,0,0,0,AUTOBUS|FERROCARRIL,2,1,0,1,0,0,AUTOBUS|FERROCARRIL,2,1,0,1,0,0,5.092958178940651,6.366197723675814,4.138028520389279,0.0012913223140495868,0.23483860732538517,0.0,0.4,1,0,0,0.27999999999999997,18.24,SOPORTE_FISICO_MUY_BAJO,120,MONOMODAL,50.0,28.47222222222222,36.11111111111111,23.26388888888889,46.18055555555556,50.34722222222222,120,104,120,16,60.0,INTERMODALIDAD_MEDIA,113,28.47222222222222,28.47222222222222,21.6873,0.0,40.0,18.3266,26.3194,59.2014,43.1713,31.58,20.83,115,115,CENTRALIDAD_ESTRUCTURAL_BAJA,CENTRALIDAD_ESTRUCTURAL_BAJA,10.15,10.15,CENTRALIDAD_SECUNDARIA,21.14,99
133,1,4,7,18,1,2,3,AUTOBUS|FERROCARRIL,2,1,0,1,0,0,AUTOBUS|FERROCARRIL,2,1,0,1,0,0,AUTOBUS|FERROCARRIL,2,1,0,1,0,0,20.371832715762604,8.91267681314614,5.729577951308232,0.0018078512396694215,0.26975599025240704,0.19955424691458712,0.4,1,0,0,0.3398662740743761,24.46,SOPORTE_FISICO_BAJO,97,MONOMODAL,50.0,7.638888888888889,10.416666666666668,69.44444444444444,46.18055555555556,50.34722222222222,121,134,121,13,67.0,INTERMODALIDAD_MEDIA,100,7.638888888888889,7.638888888888889,25.1694,19.9554,40.0,26.4649,33.4784,72.3958,34.6065,29.92,16.67,121,121,CENTRALIDAD_ESTRUCTURAL_BAJA,CENTRALIDAD_ESTRUCTURAL_MUY_BAJA,-18.83,0.0,CENTRALIDAD_SECUNDARIA,4.58,134
100,1,0,0,3,0,0,1,,0,0,0,0,0,0,,0,0,0,0,0,0,AUTOBUS|FERROCARRIL,2,1,0,1,0,0,0.0,0.0,0.954929658551372,0.0,0.0,0.0,0.0,0,0,0,0.0,0.0,SOPORTE_FISICO_MUY_BAJO,143,MONOMODAL,50.0,26.38888888888889,34.02777777777778,23.26388888888889,46.18055555555556,50.34722222222222,122,107,122,15,0.0,SIN_INFRAESTRUCTURA_500M,143,26.38888888888889,26.38888888888889,0.0,0.0,0.0,0.0,11.0243,41.4062,42.4769,20.58,3.47,140,140,CENTRALIDAD_ESTRUCTURAL_BAJA,CENTRALIDAD_ESTRUCTURAL_MUY_BAJA,26.39,26.39,CENTRALIDAD_SECUNDARIA,26.39,89
101,1,5,8,25,0,0,0,AUTOBUS,1,0,0,1,0,0,AUTOBUS,1,0,0,1,0,0,AUTOBUS,1,0,0,1,0,0,25.464790894703256,10.185916357881302,7.957747154594767,0.002066115702479339,0.28396708285127487,0.0,0.2,0,0,0,0.13999999999999999,14.97,SOPORTE_FISICO_MUY_BAJO,132,MONOMODAL,50.0,25.694444444444443,33.33333333333333,23.26388888888889,46.18055555555556,50.34722222222222,123,108,123,15,38.0,INTERMODALIDAD_BAJA,132,25.694444444444443,25.694444444444443,26.595,0.0,20.0,15.5538,17.934,40.625,42.2454,25.5,9.72,131,131,CENTRALIDAD_ESTRUCTURAL_BAJA,CENTRALIDAD_ESTRUCTURAL_MUY_BAJA,10.14,10.14,CENTRALIDAD_SECUNDARIA,19.47,102
134,1,5,7,22,0,1,3,AUTOBUS,1,0,0,1,0,0,AUTOBUS|FERROCARRIL,2,1,0,1,0,0,AUTOBUS|FERROCARRIL,2,1,0,1,0,0,25.464790894703256,8.91267681314614,7.002817496043395,0.0018078512396694215,0.26975599025240704,0.12590471182995822,0.4,1,0,0,0.3177714135489874,22.62,SOPORTE_FISICO_BAJO,104,MONOMODAL,50.0,6.944444444444445,9.027777777777777,69.44444444444444,46.18055555555556,50.34722222222222,124,135,124,11,67.0,INTERMODALIDAD_MEDIA,100,6.944444444444445,6.944444444444445,25.1694,12.5905,40.0,23.9794,31.6372,76.9097,34.1435,29.36,15.62,122,122,CENTRALIDAD_ESTRUCTURAL_BAJA,CENTRALIDAD_ESTRUCTURAL_MUY_BAJA,-17.03,0.0,CENTRALIDAD_SECUNDARIA,4.17,135
105,1,14,29,81,1,3,5,AUTOBUS|FERROCARRIL|TRANVIA,3,1,0,1,0,1,AUTOBUS|FERROCARRIL|TRANVIA,3,1,0,1,0,1,AUTOBUS|FERROCARRIL|TRANVIA,3,1,0,1,0,1,71.30141450516912,36.92394679731972,25.783100780887047,0.0074896694214876035,0.42754994286110287,0.25180942365991643,0.6,1,0,0,0.4955428270979749,36.37,SOPORTE_FISICO_BAJO,31,MONOMODAL,50.0,22.916666666666664,30.555555555555557,23.26388888888889,46.18055555555556,50.34722222222222,125,112,125,13,85.0,INTERMODALIDAD_MUY_ALTA,3,22.916666666666664,22.916666666666664,41.1678,25.1809,60.0,39.4185,55.6702,64.9306,41.3194,41.74,44.44,81,81,CENTRALIDAD_ESTRUCTURAL_MEDIA,CENTRALIDAD_ESTRUCTURAL_MEDIA,-16.5,0.0,CENTRALIDAD_SECUNDARIA,13.75,114
140,1,9,18,42,0,0,3,AUTOBUS,1,0,0,1,0,0,AUTOBUS,1,0,0,1,0,0,AUTOBUS|FERROCARRIL,2,1,0,1,0,0,45.83662361046586,22.91831180523293,13.36901521971921,0.0046487603305785125,0.3733429004851337,0.0,0.2,0,0,0,0.13999999999999999,18.14,SOPORTE_FISICO_MUY_BAJO,121,MONOMODAL,50.0,3.4722222222222223,3.4722222222222223,69.44444444444444,46.18055555555556,50.34722222222222,126,140,126,14,40.0,INTERMODALIDAD_BAJA,115,3.4722222222222223,3.4722222222222223,35.6393,0.0,20.0,19.1947,19.8438,46.6146,32.2917,20.03,2.78,141,141,CENTRALIDAD_ESTRUCTURAL_BAJA,CENTRALIDAD_ESTRUCTURAL_MUY_BAJA,-15.72,0.0,CENTRALIDAD_SECUNDARIA,2.08,140
108,1,5,14,29,0,2,5,AUTOBUS,1,0,0,1,0,0,AUTOBUS|FERROCARRIL,2,1,0,1,0,0,AUTOBUS|FERROCARRIL,2,1,0,1,0,0,25.464790894703256,17.82535362629228,9.23098669932993,0.003615702479338843,0.34518442464383275,0.19955424691458712,0.4,1,0,0,0.3398662740743761,27.12,SOPORTE_FISICO_BAJO,83,MONOMODAL,50.0,20.833333333333336,26.38888888888889,23.26388888888889,46.18055555555556,50.34722222222222,127,115,127,12,70.0,INTERMODALIDAD_MEDIA,16,20.833333333333336,20.833333333333336,32.778,19.9554,40.0,29.5269,41.2041,55.2951,39.9306,34.16,27.08,106,106,CENTRALIDAD_ESTRUCTURAL_BAJA,CENTRALIDAD_ESTRUCTURAL_BAJA,-8.69,0.0,CENTRALIDAD_SECUNDARIA,12.5,117
142,1,25,48,128,3,4,11,AUTOBUS|FERROCARRIL,2,1,0,1,0,0,AUTOBUS|FERROCARRIL,2,1,0,1,0,0,AUTOBUS|FERROCARRIL|FLUVIAL|TRANVIA,4,1,0,1,1,1,127.32395447351627,61.11549814728781,40.74366543152521,0.012396694214876033,0.4855760191199227,0.2923416876766772,0.4,1,0,0,0.3677025063030031,34.49,SOPORTE_FISICO_BAJO,40,MONOMODAL,50.0,2.083333333333333,2.083333333333333,69.44444444444444,46.18055555555556,50.34722222222222,128,142,128,14,70.0,INTERMODALIDAD_MEDIA,16,2.083333333333333,2.083333333333333,47.1063,29.2342,40.0,38.431,43.5238,75.7812,31.8287,33.49,25.0,109,109,CENTRALIDAD_ESTRUCTURAL_BAJA,CENTRALIDAD_ESTRUCTURAL_BAJA,-36.35,0.0,CENTRALIDAD_SECUNDARIA,1.25,142
109,1,13,18,57,1,2,6,AUTOBUS|FERROCARRIL,2,1,0,1,0,0,AUTOBUS|FERROCARRIL,2,1,0,1,0,0,AUTOBUS|FERROCARRIL,2,1,0,1,0,0,66.20845632622846,22.91831180523293,18.14366351247607,0.0046487603305785125,0.3733429004851337,0.19955424691458712,0.4,1,0,0,0.3398662740743761,28.13,SOPORTE_FISICO_BAJO,78,MONOMODAL,50.0,20.13888888888889,25.694444444444443,23.26388888888889,46.18055555555556,50.34722222222222,129,116,129,13,70.0,INTERMODALIDAD_MEDIA,16,20.13888888888889,20.13888888888889,35.6393,19.9554,40.0,30.6799,41.2041,66.4062,39.6991,35.88,31.25,100,100,CENTRALIDAD_ESTRUCTURAL_BAJA,CENTRALIDAD_ESTRUCTURAL_BAJA,-10.54,0.0,CENTRALIDAD_SECUNDARIA,12.08,119
143,1,10,20,40,1,1,2,AUTOBUS|FERROCARRIL,2,1,0,1,0,0,AUTOBUS|FERROCARRIL,2,1,0,1,0,0,AUTOBUS|FERROCARRIL,2,1,0,1,0,0,50.92958178940651,25.464790894703256,12.732395447351628,0.005165289256198347,0.3852407435141075,0.12590471182995822,0.4,1,0,0,0.3177714135489874,26.71,SOPORTE_FISICO_BAJO,84,MONOMODAL,50.0,1.3888888888888888,1.3888888888888888,69.44444444444444,46.18055555555556,50.34722222222222,130,143,130,13,70.0,INTERMODALIDAD_MEDIA,16,1.3888888888888888,1.3888888888888888,36.8507,12.5905,40.0,28.6814,39.3629,66.2326,31.5972,28.55,13.89,125,125,CENTRALIDAD_ESTRUCTURAL_BAJA,CENTRALIDAD_ESTRUCTURAL_MUY_BAJA,-27.29,0.0,CENTRALIDAD_SECUNDARIA,0.83,143
144,1,12,30,69,0,3,6,AUTOBUS|FERROCARRIL,2,1,0,1,0,0,AUTOBUS|FERROCARRIL,2,1,0,1,0,0,AUTOBUS|FERROCARRIL|TRANVIA,3,1,0,1,0,1,61.11549814728781,38.197186342054884,21.963382146681557,0.007747933884297521,0.4314334042643508,0.25180942365991643,0.4,1,0,0,0.3555428270979749,31.51,SOPORTE_FISICO_BAJO,57,MONOMODAL,50.0,0.6944444444444444,0.6944444444444444,69.44444444444444,46.18055555555556,50.34722222222222,131,144,131,13,70.0,INTERMODALIDAD_MEDIA,16,0.6944444444444444,0.6944444444444444,41.5647,25.1809,40.0,34.8284,42.5105,71.9618,31.3657,31.35,19.44,117,117,CENTRALIDAD_ESTRUCTURAL_BAJA,CENTRALIDAD_ESTRUCTURAL_MUY_BAJA,-34.13,0.0,CENTRALIDAD_SECUNDARIA,0.42,144
111,1,2,3,18,0,0,0,AUTOBUS,1,0,0,1,0,0,AUTOBUS,1,0,0,1,0,0,AUTOBUS|FERROCARRIL,2,1,0,1,0,0,10.185916357881302,3.819718634205488,5.729577951308232,0.0007747933884297521,0.18495368961100384,0.0,0.2,0,0,0,0.13999999999999999,11.49,SOPORTE_FISICO_MUY_BAJO,138,MONOMODAL,50.0,19.444444444444446,24.305555555555554,23.26388888888889,46.18055555555556,50.34722222222222,132,117,132,15,33.0,INTERMODALIDAD_BAJA,138,19.444444444444446,19.444444444444446,16.7796,0.0,20.0,11.5964,16.7188,42.1875,39.2361,22.33,7.64,134,134,CENTRALIDAD_ESTRUCTURAL_BAJA,CENTRALIDAD_ESTRUCTURAL_MUY_BAJA,7.85,7.85,CENTRALIDAD_SECUNDARIA,14.81,112
114,1,4,4,11,0,0,1,AUTOBUS,1,0,0,1,0,0,AUTOBUS,1,0,0,1,0,0,AUTOBUS|FERROCARRIL,2,1,0,1,0,0,20.371832715762604,5.092958178940651,3.5014087480216975,0.0010330578512396695,0.2125216136193653,0.0,0.2,0,0,0,0.13999999999999999,12.45,SOPORTE_FISICO_MUY_BAJO,136,MONOMODAL,50.0,17.36111111111111,22.22222222222222,23.26388888888889,46.18055555555556,50.34722222222222,133,120,133,13,34.0,INTERMODALIDAD_BAJA,136,17.36111111111111,17.36111111111111,19.4805,0.0,20.0,12.6857,17.2396,34.8958,38.5417,20.92,4.86,138,138,CENTRALIDAD_ESTRUCTURAL_BAJA,CENTRALIDAD_ESTRUCTURAL_MUY_BAJA,4.68,4.68,CENTRALIDAD_SECUNDARIA,12.29,118
115,1,16,25,55,0,0,1,AUTOBUS,1,0,0,1,0,0,AUTOBUS,1,0,0,1,0,0,AUTOBUS|FERROCARRIL,2,1,0,1,0,0,81.48733086305042,31.830988618379067,17.507043740108486,0.006456611570247934,0.4105906428291123,0.0,0.2,0,0,0,0.13999999999999999,19.47,SOPORTE_FISICO_MUY_BAJO,116,MONOMODAL,50.0,16.666666666666664,21.52777777777778,23.26388888888889,46.18055555555556,50.34722222222222,134,121,134,13,40.0,INTERMODALIDAD_BAJA,115,16.666666666666664,16.666666666666664,39.4357,0.0,20.0,20.723,19.8438,33.6806,38.3102,23.03,8.33,133,133,CENTRALIDAD_ESTRUCTURAL_BAJA,CENTRALIDAD_ESTRUCTURAL_MUY_BAJA,-4.06,0.0,CENTRALIDAD_SECUNDARIA,10.0,121
122,1,3,9,28,0,1,5,AUTOBUS,1,0,0,1,0,0,AUTOBUS|FERROCARRIL,2,1,0,1,0,0,AUTOBUS|FERROCARRIL|TRANVIA,3,1,0,1,0,1,15.278874536821952,11.459155902616464,8.91267681314614,0.0023243801652892563,0.29664455240180393,0.12590471182995822,0.4,1,0,0,0.3177714135489874,23.57,SOPORTE_FISICO_BAJO,101,MONOMODAL,50.0,13.194444444444445,15.972222222222221,23.26388888888889,46.18055555555556,50.34722222222222,135,126,135,9,69.0,INTERMODALIDAD_MEDIA,97,13.194444444444445,13.194444444444445,27.8703,12.5905,40.0,25.0673,32.158,65.7986,36.4583,30.17,17.36,120,120,CENTRALIDAD_ESTRUCTURAL_BAJA,CENTRALIDAD_ESTRUCTURAL_MUY_BAJA,-11.87,0.0,CENTRALIDAD_SECUNDARIA,7.92,126
125,1,1,3,9,0,0,0,AUTOBUS,1,0,0,1,0,0,AUTOBUS,1,0,0,1,0,0,AUTOBUS,1,0,0,1,0,0,5.092958178940651,3.819718634205488,2.864788975654116,0.0007747933884297521,0.18495368961100384,0.0,0.2,0,0,0,0.13999999999999999,11.49,SOPORTE_FISICO_MUY_BAJO,138,MONOMODAL,50.0,11.805555555555555,14.583333333333334,23.26388888888889,46.18055555555556,50.34722222222222,136,128,136,8,33.0,INTERMODALIDAD_BAJA,138,11.805555555555555,11.805555555555555,16.7796,0.0,20.0,11.5964,16.7188,35.8507,35.9954,18.76,1.39,143,143,CENTRALIDAD_ESTRUCTURAL_MUY_BAJA,CENTRALIDAD_ESTRUCTURAL_MUY_BAJA,0.21,0.21,CENTRALIDAD_SECUNDARIA,7.17,128
126,1,22,40,84,2,4,6,AUTOBUS|FERROCARRIL,2,1,0,1,0,0,AUTOBUS|FERROCARRIL,2,1,0,1,0,0,AUTOBUS|FERROCARRIL|FLUVIAL,3,1,0,1,1,0,112.04507993669432,50.92958178940651,26.73803043943842,0.010330578512396695,0.4645127786483475,0.2923416876766772,0.4,1,0,0,0.3677025063030031,33.72,SOPORTE_FISICO_BAJO,45,MONOMODAL,50.0,11.11111111111111,13.88888888888889,23.26388888888889,46.18055555555556,50.34722222222222,137,129,137,8,70.0,INTERMODALIDAD_MEDIA,16,11.11111111111111,11.11111111111111,44.9488,29.2342,40.0,37.5603,43.5238,57.8125,35.7639,33.68,25.69,108,108,CENTRALIDAD_ESTRUCTURAL_BAJA,CENTRALIDAD_ESTRUCTURAL_BAJA,-26.45,0.0,CENTRALIDAD_SECUNDARIA,6.67,129
131,1,6,6,14,1,1,3,AUTOBUS|FERROCARRIL,2,1,0,1,0,0,AUTOBUS|FERROCARRIL,2,1,0,1,0,0,AUTOBUS|FERROCARRIL,2,1,0,1,0,0,30.557749073643905,7.639437268410976,4.45633840657307,0.0015495867768595042,0.25358849344279244,0.12590471182995822,0.4,1,0,0,0.3177714135489874,22.05,SOPORTE_FISICO_BAJO,105,MONOMODAL,50.0,9.027777777777777,11.805555555555555,23.26388888888889,46.18055555555556,50.34722222222222,138,132,138,6,66.0,INTERMODALIDAD_MEDIA,102,9.027777777777777,9.027777777777777,23.5531,12.5905,40.0,23.3282,31.29,56.8576,35.0694,26.83,11.81,128,128,CENTRALIDAD_ESTRUCTURAL_BAJA,CENTRALIDAD_ESTRUCTURAL_MUY_BAJA,-14.3,0.0,CENTRALIDAD_SECUNDARIA,5.42,132
132,1,12,16,41,2,2,3,AUTOBUS|FERROCARRIL,2,1,0,1,0,0,AUTOBUS|FERROCARRIL,2,1,0,1,0,0,AUTOBUS|FERROCARRIL|FLUVIAL,3,1,0,1,1,0,61.11549814728781,20.371832715762604,13.050705333535419,0.004132231404958678,0.360104439427627,0.19955424691458712,0.4,1,0,0,0.3398662740743761,27.65,SOPORTE_FISICO_BAJO,80,MONOMODAL,50.0,8.333333333333332,9.722222222222223,23.26388888888889,46.18055555555556,50.34722222222222,139,133,139,6,70.0,INTERMODALIDAD_MEDIA,16,8.333333333333332,8.333333333333332,34.293,19.9554,40.0,30.1367,41.2041,62.5,34.375,31.09,18.75,118,118,CENTRALIDAD_ESTRUCTURAL_BAJA,CENTRALIDAD_ESTRUCTURAL_MUY_BAJA,-21.8,0.0,CENTRALIDAD_SECUNDARIA,5.0,133
135,1,30,47,125,0,3,8,AUTOBUS,1,0,0,1,0,0,AUTOBUS|FERROCARRIL,2,1,0,1,0,0,AUTOBUS|FERROCARRIL|TRANVIA,3,1,0,1,0,1,152.78874536821954,59.84225860255265,39.78873577297384,0.012138429752066115,0.4831403823338039,0.25180942365991643,0.4,1,0,0,0.3555428270979749,33.39,SOPORTE_FISICO_BAJO,46,MONOMODAL,50.0,6.25,7.638888888888889,23.26388888888889,46.18055555555556,50.34722222222222,140,136,140,4,70.0,INTERMODALIDAD_MEDIA,16,6.25,6.25,46.8567,25.1809,40.0,36.9626,42.5105,64.0625,33.6806,32.6,22.22,113,113,CENTRALIDAD_ESTRUCTURAL_BAJA,CENTRALIDAD_ESTRUCTURAL_BAJA,-30.71,0.0,CENTRALIDAD_SECUNDARIA,3.75,136
137,1,6,11,16,0,0,0,AUTOBUS,1,0,0,1,0,0,AUTOBUS,1,0,0,1,0,0,AUTOBUS|FERROCARRIL,2,1,0,1,0,0,30.557749073643905,14.00563499208679,5.092958178940651,0.002840909090909091,0.3185149047398846,0.0,0.2,0,0,0,0.13999999999999999,16.19,SOPORTE_FISICO_MUY_BAJO,127,MONOMODAL,50.0,5.555555555555555,6.25,23.26388888888889,46.18055555555556,50.34722222222222,141,137,141,4,40.0,INTERMODALIDAD_BAJA,115,5.555555555555555,5.555555555555555,30.0771,0.0,20.0,16.9555,19.8438,20.4861,33.2176,16.27,0.69,144,144,CENTRALIDAD_ESTRUCTURAL_MUY_BAJA,CENTRALIDAD_ESTRUCTURAL_MUY_BAJA,-11.4,0.0,CENTRALIDAD_SECUNDARIA,3.33,137
138,1,13,25,53,0,0,2,AUTOBUS,1,0,0,1,0,0,AUTOBUS,1,0,0,1,0,0,AUTOBUS|FERROCARRIL,2,1,0,1,0,0,66.20845632622846,31.830988618379067,16.870423967740905,0.006456611570247934,0.4105906428291123,0.0,0.2,0,0,0,0.13999999999999999,19.47,SOPORTE_FISICO_MUY_BAJO,116,MONOMODAL,50.0,4.861111111111112,4.861111111111112,23.26388888888889,46.18055555555556,50.34722222222222,142,138,142,4,40.0,INTERMODALIDAD_BAJA,115,4.861111111111112,4.861111111111112,39.4357,0.0,20.0,20.723,19.8438,32.6389,32.7546,18.78,2.08,142,142,CENTRALIDAD_ESTRUCTURAL_MUY_BAJA,CENTRALIDAD_ESTRUCTURAL_MUY_BAJA,-15.86,0.0,CENTRALIDAD_SECUNDARIA,2.92,138
139,1,6,10,27,1,2,6,AUTOBUS|FERROCARRIL,2,1,0,1,0,0,AUTOBUS|FERROCARRIL,2,1,0,1,0,0,AUTOBUS|FERROCARRIL,2,1,0,1,0,0,30.557749073643905,12.732395447351628,8.594366926962348,0.0025826446280991736,0.30808740138835516,0.19955424691458712,0.4,1,0,0,0.3398662740743761,25.81,SOPORTE_FISICO_BAJO,90,MONOMODAL,50.0,4.166666666666666,4.166666666666666,23.26388888888889,46.18055555555556,50.34722222222222,143,139,143,4,70.0,INTERMODALIDAD_MEDIA,16,4.166666666666666,4.166666666666666,29.0239,19.9554,40.0,28.0165,41.2041,63.2812,32.5231,29.24,14.58,124,124,CENTRALIDAD_ESTRUCTURAL_BAJA,CENTRALIDAD_ESTRUCTURAL_MUY_BAJA,-23.85,0.0,CENTRALIDAD_SECUNDARIA,2.5,139
141,1,1,1,1,1,1,1,AUTOBUS|FERROCARRIL,2,1,0,1,0,0,AUTOBUS|FERROCARRIL,2,1,0,1,0,0,AUTOBUS|FERROCARRIL,2,1,0,1,0,0,5.092958178940651,1.2732395447351628,0.3183098861837907,0.00025826446280991736,0.096575039169877,0.12590471182995822,0.4,1,0,0,0.3177714135489874,16.53,SOPORTE_FISICO_MUY_BAJO,124,MONOMODAL,50.0,2.7777777777777777,2.7777777777777777,23.26388888888889,46.18055555555556,50.34722222222222,144,141,144,3,61.0,INTERMODALIDAD_MEDIA,111,2.7777777777777777,2.7777777777777777,8.3898,12.5905,40.0,17.1931,29.7275,42.7083,32.0602,20.69,4.17,139,139,CENTRALIDAD_ESTRUCTURAL_BAJA,CENTRALIDAD_ESTRUCTURAL_MUY_BAJA,-14.42,0.0,CENTRALIDAD_SECUNDARIA,1.67,141
